signal,setting,coverage,width,q_hat,group,n,model,model_group
g,normalized,0.9030,0.1768,1.9378,,,dae_lam0.1w5_seed0,dae_lam0.1w5
g,normalized/condition,0.9988,0.1425,,noise(sigma=0.1),5000.0000,dae_lam0.1w5_seed0,dae_lam0.1w5
g,normalized/condition,1.0000,0.1642,,noise(sigma=0.2),5000.0000,dae_lam0.1w5_seed0,dae_lam0.1w5
g,normalized/condition,1.0000,0.1885,,noise(sigma=0.3),5000.0000,dae_lam0.1w5_seed0,dae_lam0.1w5
g,normalized/condition,1.0000,0.2235,,noise(sigma=0.5),5000.0000,dae_lam0.1w5_seed0,dae_lam0.1w5
g,normalized/condition,0.9968,0.1329,,blur(std=0.5),5000.0000,dae_lam0.1w5_seed0,dae_lam0.1w5
g,normalized/condition,0.9970,0.1609,,blur(std=1),5000.0000,dae_lam0.1w5_seed0,dae_lam0.1w5
g,normalized/condition,0.9988,0.1864,,blur(std=1.5),5000.0000,dae_lam0.1w5_seed0,dae_lam0.1w5
g,normalized/condition,0.9982,0.2008,,blur(std=2),5000.0000,dae_lam0.1w5_seed0,dae_lam0.1w5
g,normalized/condition,0.9964,0.1634,,pixel_mask(drop=0.25),5000.0000,dae_lam0.1w5_seed0,dae_lam0.1w5
g,normalized/condition,0.6036,0.1716,,pixel_mask(drop=0.5),5000.0000,dae_lam0.1w5_seed0,dae_lam0.1w5
g,normalized/condition,0.2190,0.1663,,pixel_mask(drop=0.75),5000.0000,dae_lam0.1w5_seed0,dae_lam0.1w5
g,normalized/condition,1.0000,0.1924,,box_mask(size=8),5000.0000,dae_lam0.1w5_seed0,dae_lam0.1w5
g,normalized/condition,0.9304,0.2045,,box_mask(size=14),5000.0000,dae_lam0.1w5_seed0,dae_lam0.1w5
g,normalized/family,0.9997,0.1797,,noise,20000.0000,dae_lam0.1w5_seed0,dae_lam0.1w5
g,normalized/family,0.9977,0.1702,,blur,20000.0000,dae_lam0.1w5_seed0,dae_lam0.1w5
g,normalized/family,0.6063,0.1671,,pixel_mask,15000.0000,dae_lam0.1w5_seed0,dae_lam0.1w5
g,normalized/family,0.9652,0.1985,,box_mask,10000.0000,dae_lam0.1w5_seed0,dae_lam0.1w5
d,normalized,0.9003,0.1756,1.9264,,,dae_lam0.1w5_seed0,dae_lam0.1w5
d,normalized/condition,1.0000,0.1947,,noise(sigma=0.1),5000.0000,dae_lam0.1w5_seed0,dae_lam0.1w5
d,normalized/condition,1.0000,0.2030,,noise(sigma=0.2),5000.0000,dae_lam0.1w5_seed0,dae_lam0.1w5
d,normalized/condition,0.9998,0.2030,,noise(sigma=0.3),5000.0000,dae_lam0.1w5_seed0,dae_lam0.1w5
d,normalized/condition,1.0000,0.2034,,noise(sigma=0.5),5000.0000,dae_lam0.1w5_seed0,dae_lam0.1w5
d,normalized/condition,0.9998,0.1291,,blur(std=0.5),5000.0000,dae_lam0.1w5_seed0,dae_lam0.1w5
d,normalized/condition,0.9986,0.1494,,blur(std=1),5000.0000,dae_lam0.1w5_seed0,dae_lam0.1w5
d,normalized/condition,0.9952,0.1531,,blur(std=1.5),5000.0000,dae_lam0.1w5_seed0,dae_lam0.1w5
d,normalized/condition,0.9774,0.1509,,blur(std=2),5000.0000,dae_lam0.1w5_seed0,dae_lam0.1w5
d,normalized/condition,0.9990,0.1957,,pixel_mask(drop=0.25),5000.0000,dae_lam0.1w5_seed0,dae_lam0.1w5
d,normalized/condition,0.7164,0.1963,,pixel_mask(drop=0.5),5000.0000,dae_lam0.1w5_seed0,dae_lam0.1w5
d,normalized/condition,0.3510,0.1815,,pixel_mask(drop=0.75),5000.0000,dae_lam0.1w5_seed0,dae_lam0.1w5
d,normalized/condition,0.9996,0.1643,,box_mask(size=8),5000.0000,dae_lam0.1w5_seed0,dae_lam0.1w5
d,normalized/condition,0.6668,0.1584,,box_mask(size=14),5000.0000,dae_lam0.1w5_seed0,dae_lam0.1w5
d,normalized/family,1.0000,0.2010,,noise,20000.0000,dae_lam0.1w5_seed0,dae_lam0.1w5
d,normalized/family,0.9928,0.1456,,blur,20000.0000,dae_lam0.1w5_seed0,dae_lam0.1w5
d,normalized/family,0.6888,0.1912,,pixel_mask,15000.0000,dae_lam0.1w5_seed0,dae_lam0.1w5
d,normalized/family,0.8332,0.1614,,box_mask,10000.0000,dae_lam0.1w5_seed0,dae_lam0.1w5
r_A,normalized,0.9004,0.1771,1.9420,,,dae_lam0.1w5_seed0,dae_lam0.1w5
r_A,normalized/condition,0.9998,0.1992,,noise(sigma=0.1),5000.0000,dae_lam0.1w5_seed0,dae_lam0.1w5
r_A,normalized/condition,0.9998,0.1992,,noise(sigma=0.2),5000.0000,dae_lam0.1w5_seed0,dae_lam0.1w5
r_A,normalized/condition,0.9996,0.1992,,noise(sigma=0.3),5000.0000,dae_lam0.1w5_seed0,dae_lam0.1w5
r_A,normalized/condition,1.0000,0.1996,,noise(sigma=0.5),5000.0000,dae_lam0.1w5_seed0,dae_lam0.1w5
r_A,normalized/condition,0.9998,0.1507,,blur(std=0.5),5000.0000,dae_lam0.1w5_seed0,dae_lam0.1w5
r_A,normalized/condition,0.9984,0.1274,,blur(std=1),5000.0000,dae_lam0.1w5_seed0,dae_lam0.1w5
r_A,normalized/condition,0.9934,0.1431,,blur(std=1.5),5000.0000,dae_lam0.1w5_seed0,dae_lam0.1w5
r_A,normalized/condition,0.9872,0.1602,,blur(std=2),5000.0000,dae_lam0.1w5_seed0,dae_lam0.1w5
r_A,normalized/condition,0.9986,0.1950,,pixel_mask(drop=0.25),5000.0000,dae_lam0.1w5_seed0,dae_lam0.1w5
r_A,normalized/condition,0.7006,0.1930,,pixel_mask(drop=0.5),5000.0000,dae_lam0.1w5_seed0,dae_lam0.1w5
r_A,normalized/condition,0.2668,0.1753,,pixel_mask(drop=0.75),5000.0000,dae_lam0.1w5_seed0,dae_lam0.1w5
r_A,normalized/condition,0.9994,0.1852,,box_mask(size=8),5000.0000,dae_lam0.1w5_seed0,dae_lam0.1w5
r_A,normalized/condition,0.7624,0.1755,,box_mask(size=14),5000.0000,dae_lam0.1w5_seed0,dae_lam0.1w5
r_A,normalized/family,0.9998,0.1993,,noise,20000.0000,dae_lam0.1w5_seed0,dae_lam0.1w5
r_A,normalized/family,0.9947,0.1454,,blur,20000.0000,dae_lam0.1w5_seed0,dae_lam0.1w5
r_A,normalized/family,0.6553,0.1877,,pixel_mask,15000.0000,dae_lam0.1w5_seed0,dae_lam0.1w5
r_A,normalized/family,0.8809,0.1803,,box_mask,10000.0000,dae_lam0.1w5_seed0,dae_lam0.1w5
dis,normalized,0.9014,0.1760,1.9315,,,dae_lam0.1w5_seed0,dae_lam0.1w5
dis,normalized/condition,1.0000,0.1501,,noise(sigma=0.1),5000.0000,dae_lam0.1w5_seed0,dae_lam0.1w5
dis,normalized/condition,1.0000,0.1687,,noise(sigma=0.2),5000.0000,dae_lam0.1w5_seed0,dae_lam0.1w5
dis,normalized/condition,1.0000,0.1952,,noise(sigma=0.3),5000.0000,dae_lam0.1w5_seed0,dae_lam0.1w5
dis,normalized/condition,1.0000,0.2272,,noise(sigma=0.5),5000.0000,dae_lam0.1w5_seed0,dae_lam0.1w5
dis,normalized/condition,0.9994,0.1397,,blur(std=0.5),5000.0000,dae_lam0.1w5_seed0,dae_lam0.1w5
dis,normalized/condition,0.9988,0.1462,,blur(std=1),5000.0000,dae_lam0.1w5_seed0,dae_lam0.1w5
dis,normalized/condition,0.9986,0.1667,,blur(std=1.5),5000.0000,dae_lam0.1w5_seed0,dae_lam0.1w5
dis,normalized/condition,0.9980,0.1830,,blur(std=2),5000.0000,dae_lam0.1w5_seed0,dae_lam0.1w5
dis,normalized/condition,0.9994,0.1723,,pixel_mask(drop=0.25),5000.0000,dae_lam0.1w5_seed0,dae_lam0.1w5
dis,normalized/condition,0.6852,0.1766,,pixel_mask(drop=0.5),5000.0000,dae_lam0.1w5_seed0,dae_lam0.1w5
dis,normalized/condition,0.0884,0.1571,,pixel_mask(drop=0.75),5000.0000,dae_lam0.1w5_seed0,dae_lam0.1w5
dis,normalized/condition,0.9998,0.1942,,box_mask(size=8),5000.0000,dae_lam0.1w5_seed0,dae_lam0.1w5
dis,normalized/condition,0.9506,0.2109,,box_mask(size=14),5000.0000,dae_lam0.1w5_seed0,dae_lam0.1w5
dis,normalized/family,1.0000,0.1853,,noise,20000.0000,dae_lam0.1w5_seed0,dae_lam0.1w5
dis,normalized/family,0.9987,0.1589,,blur,20000.0000,dae_lam0.1w5_seed0,dae_lam0.1w5
dis,normalized/family,0.5910,0.1687,,pixel_mask,15000.0000,dae_lam0.1w5_seed0,dae_lam0.1w5
dis,normalized/family,0.9752,0.2026,,box_mask,10000.0000,dae_lam0.1w5_seed0,dae_lam0.1w5
g2,normalized,0.9022,0.1742,1.9076,,,dae_lam0.1w5_seed0,dae_lam0.1w5
g2,normalized/condition,0.9984,0.1491,,noise(sigma=0.1),5000.0000,dae_lam0.1w5_seed0,dae_lam0.1w5
g2,normalized/condition,0.9990,0.1587,,noise(sigma=0.2),5000.0000,dae_lam0.1w5_seed0,dae_lam0.1w5
g2,normalized/condition,0.9998,0.1720,,noise(sigma=0.3),5000.0000,dae_lam0.1w5_seed0,dae_lam0.1w5
g2,normalized/condition,1.0000,0.1986,,noise(sigma=0.5),5000.0000,dae_lam0.1w5_seed0,dae_lam0.1w5
g2,normalized/condition,0.9974,0.1449,,blur(std=0.5),5000.0000,dae_lam0.1w5_seed0,dae_lam0.1w5
g2,normalized/condition,0.9968,0.1596,,blur(std=1),5000.0000,dae_lam0.1w5_seed0,dae_lam0.1w5
g2,normalized/condition,0.9982,0.1798,,blur(std=1.5),5000.0000,dae_lam0.1w5_seed0,dae_lam0.1w5
g2,normalized/condition,0.9978,0.1930,,blur(std=2),5000.0000,dae_lam0.1w5_seed0,dae_lam0.1w5
g2,normalized/condition,0.9830,0.1593,,pixel_mask(drop=0.25),5000.0000,dae_lam0.1w5_seed0,dae_lam0.1w5
g2,normalized/condition,0.5352,0.1665,,pixel_mask(drop=0.5),5000.0000,dae_lam0.1w5_seed0,dae_lam0.1w5
g2,normalized/condition,0.2740,0.1691,,pixel_mask(drop=0.75),5000.0000,dae_lam0.1w5_seed0,dae_lam0.1w5
g2,normalized/condition,0.9992,0.1991,,box_mask(size=8),5000.0000,dae_lam0.1w5_seed0,dae_lam0.1w5
g2,normalized/condition,0.9494,0.2143,,box_mask(size=14),5000.0000,dae_lam0.1w5_seed0,dae_lam0.1w5
g2,normalized/family,0.9993,0.1696,,noise,20000.0000,dae_lam0.1w5_seed0,dae_lam0.1w5
g2,normalized/family,0.9976,0.1693,,blur,20000.0000,dae_lam0.1w5_seed0,dae_lam0.1w5
g2,normalized/family,0.5974,0.1650,,pixel_mask,15000.0000,dae_lam0.1w5_seed0,dae_lam0.1w5
g2,normalized/family,0.9743,0.2067,,box_mask,10000.0000,dae_lam0.1w5_seed0,dae_lam0.1w5
q,normalized,0.9013,0.1838,2.0099,,,dae_lam0.1w5_seed0,dae_lam0.1w5
q,normalized/condition,0.9996,0.1812,,noise(sigma=0.1),5000.0000,dae_lam0.1w5_seed0,dae_lam0.1w5
q,normalized/condition,0.9996,0.1848,,noise(sigma=0.2),5000.0000,dae_lam0.1w5_seed0,dae_lam0.1w5
q,normalized/condition,0.9996,0.1878,,noise(sigma=0.3),5000.0000,dae_lam0.1w5_seed0,dae_lam0.1w5
q,normalized/condition,0.9994,0.1902,,noise(sigma=0.5),5000.0000,dae_lam0.1w5_seed0,dae_lam0.1w5
q,normalized/condition,0.9996,0.1797,,blur(std=0.5),5000.0000,dae_lam0.1w5_seed0,dae_lam0.1w5
q,normalized/condition,0.9990,0.1834,,blur(std=1),5000.0000,dae_lam0.1w5_seed0,dae_lam0.1w5
q,normalized/condition,0.9984,0.1854,,blur(std=1.5),5000.0000,dae_lam0.1w5_seed0,dae_lam0.1w5
q,normalized/condition,0.9952,0.1858,,blur(std=2),5000.0000,dae_lam0.1w5_seed0,dae_lam0.1w5
q,normalized/condition,0.9956,0.1846,,pixel_mask(drop=0.25),5000.0000,dae_lam0.1w5_seed0,dae_lam0.1w5
q,normalized/condition,0.6474,0.1852,,pixel_mask(drop=0.5),5000.0000,dae_lam0.1w5_seed0,dae_lam0.1w5
q,normalized/condition,0.3504,0.1829,,pixel_mask(drop=0.75),5000.0000,dae_lam0.1w5_seed0,dae_lam0.1w5
q,normalized/condition,0.9986,0.1797,,box_mask(size=8),5000.0000,dae_lam0.1w5_seed0,dae_lam0.1w5
q,normalized/condition,0.7344,0.1787,,box_mask(size=14),5000.0000,dae_lam0.1w5_seed0,dae_lam0.1w5
q,normalized/family,0.9996,0.1860,,noise,20000.0000,dae_lam0.1w5_seed0,dae_lam0.1w5
q,normalized/family,0.9980,0.1836,,blur,20000.0000,dae_lam0.1w5_seed0,dae_lam0.1w5
q,normalized/family,0.6645,0.1843,,pixel_mask,15000.0000,dae_lam0.1w5_seed0,dae_lam0.1w5
q,normalized/family,0.8665,0.1792,,box_mask,10000.0000,dae_lam0.1w5_seed0,dae_lam0.1w5
-,marginal,0.9022,0.1816,0.1816,,,dae_lam0.1w5_seed0,dae_lam0.1w5
-,severity,0.8979,0.1368,1.4969,,,dae_lam0.1w5_seed0,dae_lam0.1w5
g,normalized,0.9022,0.1747,1.8968,,,dae_lam0.1w5_seed1,dae_lam0.1w5
g,normalized/condition,0.9984,0.1380,,noise(sigma=0.1),5000.0000,dae_lam0.1w5_seed1,dae_lam0.1w5
g,normalized/condition,0.9992,0.1587,,noise(sigma=0.2),5000.0000,dae_lam0.1w5_seed1,dae_lam0.1w5
g,normalized/condition,1.0000,0.1853,,noise(sigma=0.3),5000.0000,dae_lam0.1w5_seed1,dae_lam0.1w5
g,normalized/condition,1.0000,0.2200,,noise(sigma=0.5),5000.0000,dae_lam0.1w5_seed1,dae_lam0.1w5
g,normalized/condition,0.9962,0.1302,,blur(std=0.5),5000.0000,dae_lam0.1w5_seed1,dae_lam0.1w5
g,normalized/condition,0.9958,0.1594,,blur(std=1),5000.0000,dae_lam0.1w5_seed1,dae_lam0.1w5
g,normalized/condition,0.9980,0.1866,,blur(std=1.5),5000.0000,dae_lam0.1w5_seed1,dae_lam0.1w5
g,normalized/condition,0.9992,0.2008,,blur(std=2),5000.0000,dae_lam0.1w5_seed1,dae_lam0.1w5
g,normalized/condition,0.9870,0.1587,,pixel_mask(drop=0.25),5000.0000,dae_lam0.1w5_seed1,dae_lam0.1w5
g,normalized/condition,0.5580,0.1703,,pixel_mask(drop=0.5),5000.0000,dae_lam0.1w5_seed1,dae_lam0.1w5
g,normalized/condition,0.2810,0.1750,,pixel_mask(drop=0.75),5000.0000,dae_lam0.1w5_seed1,dae_lam0.1w5
g,normalized/condition,0.9994,0.1871,,box_mask(size=8),5000.0000,dae_lam0.1w5_seed1,dae_lam0.1w5
g,normalized/condition,0.9162,0.2016,,box_mask(size=14),5000.0000,dae_lam0.1w5_seed1,dae_lam0.1w5
g,normalized/family,0.9994,0.1755,,noise,20000.0000,dae_lam0.1w5_seed1,dae_lam0.1w5
g,normalized/family,0.9973,0.1692,,blur,20000.0000,dae_lam0.1w5_seed1,dae_lam0.1w5
g,normalized/family,0.6087,0.1680,,pixel_mask,15000.0000,dae_lam0.1w5_seed1,dae_lam0.1w5
g,normalized/family,0.9578,0.1943,,box_mask,10000.0000,dae_lam0.1w5_seed1,dae_lam0.1w5
d,normalized,0.9002,0.1761,1.9153,,,dae_lam0.1w5_seed1,dae_lam0.1w5
d,normalized/condition,1.0000,0.1957,,noise(sigma=0.1),5000.0000,dae_lam0.1w5_seed1,dae_lam0.1w5
d,normalized/condition,0.9998,0.2068,,noise(sigma=0.2),5000.0000,dae_lam0.1w5_seed1,dae_lam0.1w5
d,normalized/condition,0.9998,0.2068,,noise(sigma=0.3),5000.0000,dae_lam0.1w5_seed1,dae_lam0.1w5
d,normalized/condition,1.0000,0.2071,,noise(sigma=0.5),5000.0000,dae_lam0.1w5_seed1,dae_lam0.1w5
d,normalized/condition,1.0000,0.1257,,blur(std=0.5),5000.0000,dae_lam0.1w5_seed1,dae_lam0.1w5
d,normalized/condition,0.9986,0.1451,,blur(std=1),5000.0000,dae_lam0.1w5_seed1,dae_lam0.1w5
d,normalized/condition,0.9948,0.1512,,blur(std=1.5),5000.0000,dae_lam0.1w5_seed1,dae_lam0.1w5
d,normalized/condition,0.9820,0.1511,,blur(std=2),5000.0000,dae_lam0.1w5_seed1,dae_lam0.1w5
d,normalized/condition,0.9988,0.1973,,pixel_mask(drop=0.25),5000.0000,dae_lam0.1w5_seed1,dae_lam0.1w5
d,normalized/condition,0.7292,0.1982,,pixel_mask(drop=0.5),5000.0000,dae_lam0.1w5_seed1,dae_lam0.1w5
d,normalized/condition,0.3242,0.1811,,pixel_mask(drop=0.75),5000.0000,dae_lam0.1w5_seed1,dae_lam0.1w5
d,normalized/condition,0.9996,0.1635,,box_mask(size=8),5000.0000,dae_lam0.1w5_seed1,dae_lam0.1w5
d,normalized/condition,0.6758,0.1600,,box_mask(size=14),5000.0000,dae_lam0.1w5_seed1,dae_lam0.1w5
d,normalized/family,0.9999,0.2041,,noise,20000.0000,dae_lam0.1w5_seed1,dae_lam0.1w5
d,normalized/family,0.9939,0.1433,,blur,20000.0000,dae_lam0.1w5_seed1,dae_lam0.1w5
d,normalized/family,0.6841,0.1922,,pixel_mask,15000.0000,dae_lam0.1w5_seed1,dae_lam0.1w5
d,normalized/family,0.8377,0.1618,,box_mask,10000.0000,dae_lam0.1w5_seed1,dae_lam0.1w5
r_A,normalized,0.9002,0.1766,1.9193,,,dae_lam0.1w5_seed1,dae_lam0.1w5
r_A,normalized/condition,0.9998,0.1988,,noise(sigma=0.1),5000.0000,dae_lam0.1w5_seed1,dae_lam0.1w5
r_A,normalized/condition,0.9998,0.1988,,noise(sigma=0.2),5000.0000,dae_lam0.1w5_seed1,dae_lam0.1w5
r_A,normalized/condition,0.9996,0.1988,,noise(sigma=0.3),5000.0000,dae_lam0.1w5_seed1,dae_lam0.1w5
r_A,normalized/condition,1.0000,0.1993,,noise(sigma=0.5),5000.0000,dae_lam0.1w5_seed1,dae_lam0.1w5
r_A,normalized/condition,0.9998,0.1529,,blur(std=0.5),5000.0000,dae_lam0.1w5_seed1,dae_lam0.1w5
r_A,normalized/condition,0.9984,0.1261,,blur(std=1),5000.0000,dae_lam0.1w5_seed1,dae_lam0.1w5
r_A,normalized/condition,0.9928,0.1384,,blur(std=1.5),5000.0000,dae_lam0.1w5_seed1,dae_lam0.1w5
r_A,normalized/condition,0.9868,0.1566,,blur(std=2),5000.0000,dae_lam0.1w5_seed1,dae_lam0.1w5
r_A,normalized/condition,0.9974,0.1948,,pixel_mask(drop=0.25),5000.0000,dae_lam0.1w5_seed1,dae_lam0.1w5
r_A,normalized/condition,0.6970,0.1926,,pixel_mask(drop=0.5),5000.0000,dae_lam0.1w5_seed1,dae_lam0.1w5
r_A,normalized/condition,0.2548,0.1743,,pixel_mask(drop=0.75),5000.0000,dae_lam0.1w5_seed1,dae_lam0.1w5
r_A,normalized/condition,0.9996,0.1860,,box_mask(size=8),5000.0000,dae_lam0.1w5_seed1,dae_lam0.1w5
r_A,normalized/condition,0.7772,0.1778,,box_mask(size=14),5000.0000,dae_lam0.1w5_seed1,dae_lam0.1w5
r_A,normalized/family,0.9998,0.1990,,noise,20000.0000,dae_lam0.1w5_seed1,dae_lam0.1w5
r_A,normalized/family,0.9944,0.1435,,blur,20000.0000,dae_lam0.1w5_seed1,dae_lam0.1w5
r_A,normalized/family,0.6497,0.1872,,pixel_mask,15000.0000,dae_lam0.1w5_seed1,dae_lam0.1w5
r_A,normalized/family,0.8884,0.1819,,box_mask,10000.0000,dae_lam0.1w5_seed1,dae_lam0.1w5
dis,normalized,0.9012,0.1757,1.9113,,,dae_lam0.1w5_seed1,dae_lam0.1w5
dis,normalized/condition,1.0000,0.1496,,noise(sigma=0.1),5000.0000,dae_lam0.1w5_seed1,dae_lam0.1w5
dis,normalized/condition,1.0000,0.1679,,noise(sigma=0.2),5000.0000,dae_lam0.1w5_seed1,dae_lam0.1w5
dis,normalized/condition,1.0000,0.1943,,noise(sigma=0.3),5000.0000,dae_lam0.1w5_seed1,dae_lam0.1w5
dis,normalized/condition,1.0000,0.2298,,noise(sigma=0.5),5000.0000,dae_lam0.1w5_seed1,dae_lam0.1w5
dis,normalized/condition,0.9992,0.1393,,blur(std=0.5),5000.0000,dae_lam0.1w5_seed1,dae_lam0.1w5
dis,normalized/condition,0.9988,0.1456,,blur(std=1),5000.0000,dae_lam0.1w5_seed1,dae_lam0.1w5
dis,normalized/condition,0.9986,0.1657,,blur(std=1.5),5000.0000,dae_lam0.1w5_seed1,dae_lam0.1w5
dis,normalized/condition,0.9978,0.1820,,blur(std=2),5000.0000,dae_lam0.1w5_seed1,dae_lam0.1w5
dis,normalized/condition,0.9990,0.1714,,pixel_mask(drop=0.25),5000.0000,dae_lam0.1w5_seed1,dae_lam0.1w5
dis,normalized/condition,0.6736,0.1757,,pixel_mask(drop=0.5),5000.0000,dae_lam0.1w5_seed1,dae_lam0.1w5
dis,normalized/condition,0.0918,0.1565,,pixel_mask(drop=0.75),5000.0000,dae_lam0.1w5_seed1,dae_lam0.1w5
dis,normalized/condition,0.9998,0.1940,,box_mask(size=8),5000.0000,dae_lam0.1w5_seed1,dae_lam0.1w5
dis,normalized/condition,0.9566,0.2122,,box_mask(size=14),5000.0000,dae_lam0.1w5_seed1,dae_lam0.1w5
dis,normalized/family,1.0000,0.1854,,noise,20000.0000,dae_lam0.1w5_seed1,dae_lam0.1w5
dis,normalized/family,0.9986,0.1582,,blur,20000.0000,dae_lam0.1w5_seed1,dae_lam0.1w5
dis,normalized/family,0.5881,0.1679,,pixel_mask,15000.0000,dae_lam0.1w5_seed1,dae_lam0.1w5
dis,normalized/family,0.9782,0.2031,,box_mask,10000.0000,dae_lam0.1w5_seed1,dae_lam0.1w5
g2,normalized,0.9032,0.1727,1.8747,,,dae_lam0.1w5_seed1,dae_lam0.1w5
g2,normalized/condition,0.9974,0.1433,,noise(sigma=0.1),5000.0000,dae_lam0.1w5_seed1,dae_lam0.1w5
g2,normalized/condition,0.9978,0.1528,,noise(sigma=0.2),5000.0000,dae_lam0.1w5_seed1,dae_lam0.1w5
g2,normalized/condition,0.9994,0.1669,,noise(sigma=0.3),5000.0000,dae_lam0.1w5_seed1,dae_lam0.1w5
g2,normalized/condition,0.9998,0.2041,,noise(sigma=0.5),5000.0000,dae_lam0.1w5_seed1,dae_lam0.1w5
g2,normalized/condition,0.9966,0.1398,,blur(std=0.5),5000.0000,dae_lam0.1w5_seed1,dae_lam0.1w5
g2,normalized/condition,0.9958,0.1555,,blur(std=1),5000.0000,dae_lam0.1w5_seed1,dae_lam0.1w5
g2,normalized/condition,0.9970,0.1789,,blur(std=1.5),5000.0000,dae_lam0.1w5_seed1,dae_lam0.1w5
g2,normalized/condition,0.9976,0.1951,,blur(std=2),5000.0000,dae_lam0.1w5_seed1,dae_lam0.1w5
g2,normalized/condition,0.9506,0.1546,,pixel_mask(drop=0.25),5000.0000,dae_lam0.1w5_seed1,dae_lam0.1w5
g2,normalized/condition,0.5434,0.1686,,pixel_mask(drop=0.5),5000.0000,dae_lam0.1w5_seed1,dae_lam0.1w5
g2,normalized/condition,0.3204,0.1779,,pixel_mask(drop=0.75),5000.0000,dae_lam0.1w5_seed1,dae_lam0.1w5
g2,normalized/condition,0.9994,0.1937,,box_mask(size=8),5000.0000,dae_lam0.1w5_seed1,dae_lam0.1w5
g2,normalized/condition,0.9458,0.2142,,box_mask(size=14),5000.0000,dae_lam0.1w5_seed1,dae_lam0.1w5
g2,normalized/family,0.9986,0.1668,,noise,20000.0000,dae_lam0.1w5_seed1,dae_lam0.1w5
g2,normalized/family,0.9968,0.1673,,blur,20000.0000,dae_lam0.1w5_seed1,dae_lam0.1w5
g2,normalized/family,0.6048,0.1670,,pixel_mask,15000.0000,dae_lam0.1w5_seed1,dae_lam0.1w5
g2,normalized/family,0.9726,0.2039,,box_mask,10000.0000,dae_lam0.1w5_seed1,dae_lam0.1w5
q,normalized,0.9014,0.1789,1.9396,,,dae_lam0.1w5_seed1,dae_lam0.1w5
q,normalized/condition,0.9992,0.1808,,noise(sigma=0.1),5000.0000,dae_lam0.1w5_seed1,dae_lam0.1w5
q,normalized/condition,0.9990,0.1794,,noise(sigma=0.2),5000.0000,dae_lam0.1w5_seed1,dae_lam0.1w5
q,normalized/condition,0.9988,0.1765,,noise(sigma=0.3),5000.0000,dae_lam0.1w5_seed1,dae_lam0.1w5
q,normalized/condition,0.9972,0.1672,,noise(sigma=0.5),5000.0000,dae_lam0.1w5_seed1,dae_lam0.1w5
q,normalized/condition,0.9992,0.1816,,blur(std=0.5),5000.0000,dae_lam0.1w5_seed1,dae_lam0.1w5
q,normalized/condition,0.9992,0.1797,,blur(std=1),5000.0000,dae_lam0.1w5_seed1,dae_lam0.1w5
q,normalized/condition,0.9980,0.1777,,blur(std=1.5),5000.0000,dae_lam0.1w5_seed1,dae_lam0.1w5
q,normalized/condition,0.9924,0.1780,,blur(std=2),5000.0000,dae_lam0.1w5_seed1,dae_lam0.1w5
q,normalized/condition,0.9892,0.1799,,pixel_mask(drop=0.25),5000.0000,dae_lam0.1w5_seed1,dae_lam0.1w5
q,normalized/condition,0.6166,0.1801,,pixel_mask(drop=0.5),5000.0000,dae_lam0.1w5_seed1,dae_lam0.1w5
q,normalized/condition,0.3758,0.1802,,pixel_mask(drop=0.75),5000.0000,dae_lam0.1w5_seed1,dae_lam0.1w5
q,normalized/condition,0.9984,0.1818,,box_mask(size=8),5000.0000,dae_lam0.1w5_seed1,dae_lam0.1w5
q,normalized/condition,0.7556,0.1824,,box_mask(size=14),5000.0000,dae_lam0.1w5_seed1,dae_lam0.1w5
q,normalized/family,0.9986,0.1760,,noise,20000.0000,dae_lam0.1w5_seed1,dae_lam0.1w5
q,normalized/family,0.9972,0.1792,,blur,20000.0000,dae_lam0.1w5_seed1,dae_lam0.1w5
q,normalized/family,0.6605,0.1801,,pixel_mask,15000.0000,dae_lam0.1w5_seed1,dae_lam0.1w5
q,normalized/family,0.8770,0.1821,,box_mask,10000.0000,dae_lam0.1w5_seed1,dae_lam0.1w5
-,marginal,0.9019,0.1815,0.1815,,,dae_lam0.1w5_seed1,dae_lam0.1w5
-,severity,0.8984,0.1374,1.4903,,,dae_lam0.1w5_seed1,dae_lam0.1w5
g,normalized,0.9011,0.1715,1.8667,,,dae_lam0.1w5_seed2,dae_lam0.1w5
g,normalized/condition,0.9974,0.1331,,noise(sigma=0.1),5000.0000,dae_lam0.1w5_seed2,dae_lam0.1w5
g,normalized/condition,0.9990,0.1521,,noise(sigma=0.2),5000.0000,dae_lam0.1w5_seed2,dae_lam0.1w5
g,normalized/condition,0.9996,0.1769,,noise(sigma=0.3),5000.0000,dae_lam0.1w5_seed2,dae_lam0.1w5
g,normalized/condition,0.9998,0.2128,,noise(sigma=0.5),5000.0000,dae_lam0.1w5_seed2,dae_lam0.1w5
g,normalized/condition,0.9934,0.1261,,blur(std=0.5),5000.0000,dae_lam0.1w5_seed2,dae_lam0.1w5
g,normalized/condition,0.9940,0.1524,,blur(std=1),5000.0000,dae_lam0.1w5_seed2,dae_lam0.1w5
g,normalized/condition,0.9946,0.1813,,blur(std=1.5),5000.0000,dae_lam0.1w5_seed2,dae_lam0.1w5
g,normalized/condition,0.9984,0.1962,,blur(std=2),5000.0000,dae_lam0.1w5_seed2,dae_lam0.1w5
g,normalized/condition,0.9818,0.1557,,pixel_mask(drop=0.25),5000.0000,dae_lam0.1w5_seed2,dae_lam0.1w5
g,normalized/condition,0.5574,0.1683,,pixel_mask(drop=0.5),5000.0000,dae_lam0.1w5_seed2,dae_lam0.1w5
g,normalized/condition,0.2730,0.1695,,pixel_mask(drop=0.75),5000.0000,dae_lam0.1w5_seed2,dae_lam0.1w5
g,normalized/condition,0.9990,0.1911,,box_mask(size=8),5000.0000,dae_lam0.1w5_seed2,dae_lam0.1w5
g,normalized/condition,0.9266,0.2137,,box_mask(size=14),5000.0000,dae_lam0.1w5_seed2,dae_lam0.1w5
g,normalized/family,0.9990,0.1687,,noise,20000.0000,dae_lam0.1w5_seed2,dae_lam0.1w5
g,normalized/family,0.9951,0.1640,,blur,20000.0000,dae_lam0.1w5_seed2,dae_lam0.1w5
g,normalized/family,0.6041,0.1645,,pixel_mask,15000.0000,dae_lam0.1w5_seed2,dae_lam0.1w5
g,normalized/family,0.9628,0.2024,,box_mask,10000.0000,dae_lam0.1w5_seed2,dae_lam0.1w5
d,normalized,0.8998,0.1759,1.9147,,,dae_lam0.1w5_seed2,dae_lam0.1w5
d,normalized/condition,0.9998,0.1972,,noise(sigma=0.1),5000.0000,dae_lam0.1w5_seed2,dae_lam0.1w5
d,normalized/condition,1.0000,0.2055,,noise(sigma=0.2),5000.0000,dae_lam0.1w5_seed2,dae_lam0.1w5
d,normalized/condition,0.9998,0.2055,,noise(sigma=0.3),5000.0000,dae_lam0.1w5_seed2,dae_lam0.1w5
d,normalized/condition,1.0000,0.2058,,noise(sigma=0.5),5000.0000,dae_lam0.1w5_seed2,dae_lam0.1w5
d,normalized/condition,1.0000,0.1241,,blur(std=0.5),5000.0000,dae_lam0.1w5_seed2,dae_lam0.1w5
d,normalized/condition,0.9986,0.1426,,blur(std=1),5000.0000,dae_lam0.1w5_seed2,dae_lam0.1w5
d,normalized/condition,0.9952,0.1502,,blur(std=1.5),5000.0000,dae_lam0.1w5_seed2,dae_lam0.1w5
d,normalized/condition,0.9846,0.1519,,blur(std=2),5000.0000,dae_lam0.1w5_seed2,dae_lam0.1w5
d,normalized/condition,0.9992,0.1971,,pixel_mask(drop=0.25),5000.0000,dae_lam0.1w5_seed2,dae_lam0.1w5
d,normalized/condition,0.7362,0.1975,,pixel_mask(drop=0.5),5000.0000,dae_lam0.1w5_seed2,dae_lam0.1w5
d,normalized/condition,0.3178,0.1807,,pixel_mask(drop=0.75),5000.0000,dae_lam0.1w5_seed2,dae_lam0.1w5
d,normalized/condition,0.9996,0.1649,,box_mask(size=8),5000.0000,dae_lam0.1w5_seed2,dae_lam0.1w5
d,normalized/condition,0.6672,0.1636,,box_mask(size=14),5000.0000,dae_lam0.1w5_seed2,dae_lam0.1w5
d,normalized/family,0.9999,0.2035,,noise,20000.0000,dae_lam0.1w5_seed2,dae_lam0.1w5
d,normalized/family,0.9946,0.1422,,blur,20000.0000,dae_lam0.1w5_seed2,dae_lam0.1w5
d,normalized/family,0.6844,0.1918,,pixel_mask,15000.0000,dae_lam0.1w5_seed2,dae_lam0.1w5
d,normalized/family,0.8334,0.1642,,box_mask,10000.0000,dae_lam0.1w5_seed2,dae_lam0.1w5
r_A,normalized,0.9000,0.1777,1.9332,,,dae_lam0.1w5_seed2,dae_lam0.1w5
r_A,normalized/condition,0.9998,0.2004,,noise(sigma=0.1),5000.0000,dae_lam0.1w5_seed2,dae_lam0.1w5
r_A,normalized/condition,0.9998,0.2004,,noise(sigma=0.2),5000.0000,dae_lam0.1w5_seed2,dae_lam0.1w5
r_A,normalized/condition,0.9996,0.2004,,noise(sigma=0.3),5000.0000,dae_lam0.1w5_seed2,dae_lam0.1w5
r_A,normalized/condition,1.0000,0.2009,,noise(sigma=0.5),5000.0000,dae_lam0.1w5_seed2,dae_lam0.1w5
r_A,normalized/condition,0.9998,0.1535,,blur(std=0.5),5000.0000,dae_lam0.1w5_seed2,dae_lam0.1w5
r_A,normalized/condition,0.9982,0.1265,,blur(std=1),5000.0000,dae_lam0.1w5_seed2,dae_lam0.1w5
r_A,normalized/condition,0.9938,0.1372,,blur(std=1.5),5000.0000,dae_lam0.1w5_seed2,dae_lam0.1w5
r_A,normalized/condition,0.9912,0.1562,,blur(std=2),5000.0000,dae_lam0.1w5_seed2,dae_lam0.1w5
r_A,normalized/condition,0.9990,0.1961,,pixel_mask(drop=0.25),5000.0000,dae_lam0.1w5_seed2,dae_lam0.1w5
r_A,normalized/condition,0.7120,0.1939,,pixel_mask(drop=0.5),5000.0000,dae_lam0.1w5_seed2,dae_lam0.1w5
r_A,normalized/condition,0.2416,0.1746,,pixel_mask(drop=0.75),5000.0000,dae_lam0.1w5_seed2,dae_lam0.1w5
r_A,normalized/condition,0.9996,0.1878,,box_mask(size=8),5000.0000,dae_lam0.1w5_seed2,dae_lam0.1w5
r_A,normalized/condition,0.7654,0.1825,,box_mask(size=14),5000.0000,dae_lam0.1w5_seed2,dae_lam0.1w5
r_A,normalized/family,0.9998,0.2005,,noise,20000.0000,dae_lam0.1w5_seed2,dae_lam0.1w5
r_A,normalized/family,0.9958,0.1433,,blur,20000.0000,dae_lam0.1w5_seed2,dae_lam0.1w5
r_A,normalized/family,0.6509,0.1882,,pixel_mask,15000.0000,dae_lam0.1w5_seed2,dae_lam0.1w5
r_A,normalized/family,0.8825,0.1851,,box_mask,10000.0000,dae_lam0.1w5_seed2,dae_lam0.1w5
dis,normalized,0.9012,0.1759,1.9155,,,dae_lam0.1w5_seed2,dae_lam0.1w5
dis,normalized/condition,1.0000,0.1497,,noise(sigma=0.1),5000.0000,dae_lam0.1w5_seed2,dae_lam0.1w5
dis,normalized/condition,1.0000,0.1680,,noise(sigma=0.2),5000.0000,dae_lam0.1w5_seed2,dae_lam0.1w5
dis,normalized/condition,1.0000,0.1942,,noise(sigma=0.3),5000.0000,dae_lam0.1w5_seed2,dae_lam0.1w5
dis,normalized/condition,1.0000,0.2309,,noise(sigma=0.5),5000.0000,dae_lam0.1w5_seed2,dae_lam0.1w5
dis,normalized/condition,0.9992,0.1395,,blur(std=0.5),5000.0000,dae_lam0.1w5_seed2,dae_lam0.1w5
dis,normalized/condition,0.9988,0.1458,,blur(std=1),5000.0000,dae_lam0.1w5_seed2,dae_lam0.1w5
dis,normalized/condition,0.9986,0.1656,,blur(std=1.5),5000.0000,dae_lam0.1w5_seed2,dae_lam0.1w5
dis,normalized/condition,0.9980,0.1819,,blur(std=2),5000.0000,dae_lam0.1w5_seed2,dae_lam0.1w5
dis,normalized/condition,0.9994,0.1714,,pixel_mask(drop=0.25),5000.0000,dae_lam0.1w5_seed2,dae_lam0.1w5
dis,normalized/condition,0.6910,0.1757,,pixel_mask(drop=0.5),5000.0000,dae_lam0.1w5_seed2,dae_lam0.1w5
dis,normalized/condition,0.0858,0.1565,,pixel_mask(drop=0.75),5000.0000,dae_lam0.1w5_seed2,dae_lam0.1w5
dis,normalized/condition,0.9998,0.1946,,box_mask(size=8),5000.0000,dae_lam0.1w5_seed2,dae_lam0.1w5
dis,normalized/condition,0.9446,0.2130,,box_mask(size=14),5000.0000,dae_lam0.1w5_seed2,dae_lam0.1w5
dis,normalized/family,1.0000,0.1857,,noise,20000.0000,dae_lam0.1w5_seed2,dae_lam0.1w5
dis,normalized/family,0.9987,0.1582,,blur,20000.0000,dae_lam0.1w5_seed2,dae_lam0.1w5
dis,normalized/family,0.5921,0.1679,,pixel_mask,15000.0000,dae_lam0.1w5_seed2,dae_lam0.1w5
dis,normalized/family,0.9722,0.2038,,box_mask,10000.0000,dae_lam0.1w5_seed2,dae_lam0.1w5
g2,normalized,0.9008,0.1714,1.8665,,,dae_lam0.1w5_seed2,dae_lam0.1w5
g2,normalized/condition,0.9968,0.1419,,noise(sigma=0.1),5000.0000,dae_lam0.1w5_seed2,dae_lam0.1w5
g2,normalized/condition,0.9986,0.1502,,noise(sigma=0.2),5000.0000,dae_lam0.1w5_seed2,dae_lam0.1w5
g2,normalized/condition,0.9992,0.1633,,noise(sigma=0.3),5000.0000,dae_lam0.1w5_seed2,dae_lam0.1w5
g2,normalized/condition,0.9998,0.1938,,noise(sigma=0.5),5000.0000,dae_lam0.1w5_seed2,dae_lam0.1w5
g2,normalized/condition,0.9960,0.1390,,blur(std=0.5),5000.0000,dae_lam0.1w5_seed2,dae_lam0.1w5
g2,normalized/condition,0.9954,0.1525,,blur(std=1),5000.0000,dae_lam0.1w5_seed2,dae_lam0.1w5
g2,normalized/condition,0.9896,0.1750,,blur(std=1.5),5000.0000,dae_lam0.1w5_seed2,dae_lam0.1w5
g2,normalized/condition,0.9942,0.1915,,blur(std=2),5000.0000,dae_lam0.1w5_seed2,dae_lam0.1w5
g2,normalized/condition,0.9424,0.1543,,pixel_mask(drop=0.25),5000.0000,dae_lam0.1w5_seed2,dae_lam0.1w5
g2,normalized/condition,0.5524,0.1712,,pixel_mask(drop=0.5),5000.0000,dae_lam0.1w5_seed2,dae_lam0.1w5
g2,normalized/condition,0.2974,0.1741,,pixel_mask(drop=0.75),5000.0000,dae_lam0.1w5_seed2,dae_lam0.1w5
g2,normalized/condition,0.9994,0.1982,,box_mask(size=8),5000.0000,dae_lam0.1w5_seed2,dae_lam0.1w5
g2,normalized/condition,0.9498,0.2233,,box_mask(size=14),5000.0000,dae_lam0.1w5_seed2,dae_lam0.1w5
g2,normalized/family,0.9986,0.1623,,noise,20000.0000,dae_lam0.1w5_seed2,dae_lam0.1w5
g2,normalized/family,0.9938,0.1645,,blur,20000.0000,dae_lam0.1w5_seed2,dae_lam0.1w5
g2,normalized/family,0.5974,0.1665,,pixel_mask,15000.0000,dae_lam0.1w5_seed2,dae_lam0.1w5
g2,normalized/family,0.9746,0.2108,,box_mask,10000.0000,dae_lam0.1w5_seed2,dae_lam0.1w5
q,normalized,0.9010,0.1809,1.9634,,,dae_lam0.1w5_seed2,dae_lam0.1w5
q,normalized/condition,0.9992,0.1837,,noise(sigma=0.1),5000.0000,dae_lam0.1w5_seed2,dae_lam0.1w5
q,normalized/condition,0.9990,0.1818,,noise(sigma=0.2),5000.0000,dae_lam0.1w5_seed2,dae_lam0.1w5
q,normalized/condition,0.9982,0.1781,,noise(sigma=0.3),5000.0000,dae_lam0.1w5_seed2,dae_lam0.1w5
q,normalized/condition,0.9974,0.1686,,noise(sigma=0.5),5000.0000,dae_lam0.1w5_seed2,dae_lam0.1w5
q,normalized/condition,0.9988,0.1842,,blur(std=0.5),5000.0000,dae_lam0.1w5_seed2,dae_lam0.1w5
q,normalized/condition,0.9990,0.1820,,blur(std=1),5000.0000,dae_lam0.1w5_seed2,dae_lam0.1w5
q,normalized/condition,0.9986,0.1795,,blur(std=1.5),5000.0000,dae_lam0.1w5_seed2,dae_lam0.1w5
q,normalized/condition,0.9950,0.1796,,blur(std=2),5000.0000,dae_lam0.1w5_seed2,dae_lam0.1w5
q,normalized/condition,0.9902,0.1819,,pixel_mask(drop=0.25),5000.0000,dae_lam0.1w5_seed2,dae_lam0.1w5
q,normalized/condition,0.6384,0.1824,,pixel_mask(drop=0.5),5000.0000,dae_lam0.1w5_seed2,dae_lam0.1w5
q,normalized/condition,0.3730,0.1810,,pixel_mask(drop=0.75),5000.0000,dae_lam0.1w5_seed2,dae_lam0.1w5
q,normalized/condition,0.9980,0.1841,,box_mask(size=8),5000.0000,dae_lam0.1w5_seed2,dae_lam0.1w5
q,normalized/condition,0.7284,0.1846,,box_mask(size=14),5000.0000,dae_lam0.1w5_seed2,dae_lam0.1w5
q,normalized/family,0.9984,0.1781,,noise,20000.0000,dae_lam0.1w5_seed2,dae_lam0.1w5
q,normalized/family,0.9979,0.1813,,blur,20000.0000,dae_lam0.1w5_seed2,dae_lam0.1w5
q,normalized/family,0.6672,0.1818,,pixel_mask,15000.0000,dae_lam0.1w5_seed2,dae_lam0.1w5
q,normalized/family,0.8632,0.1844,,box_mask,10000.0000,dae_lam0.1w5_seed2,dae_lam0.1w5
-,marginal,0.9014,0.1829,0.1829,,,dae_lam0.1w5_seed2,dae_lam0.1w5
-,severity,0.8985,0.1376,1.4931,,,dae_lam0.1w5_seed2,dae_lam0.1w5
g,normalized,0.9014,0.1767,1.9320,,,dae_lam0_seed0,dae_lam0
g,normalized/condition,0.9986,0.1408,,noise(sigma=0.1),5000.0000,dae_lam0_seed0,dae_lam0
g,normalized/condition,1.0000,0.1611,,noise(sigma=0.2),5000.0000,dae_lam0_seed0,dae_lam0
g,normalized/condition,1.0000,0.1860,,noise(sigma=0.3),5000.0000,dae_lam0_seed0,dae_lam0
g,normalized/condition,1.0000,0.2218,,noise(sigma=0.5),5000.0000,dae_lam0_seed0,dae_lam0
g,normalized/condition,0.9970,0.1331,,blur(std=0.5),5000.0000,dae_lam0_seed0,dae_lam0
g,normalized/condition,0.9970,0.1617,,blur(std=1),5000.0000,dae_lam0_seed0,dae_lam0
g,normalized/condition,0.9986,0.1893,,blur(std=1.5),5000.0000,dae_lam0_seed0,dae_lam0
g,normalized/condition,0.9990,0.2053,,blur(std=2),5000.0000,dae_lam0_seed0,dae_lam0
g,normalized/condition,0.9932,0.1629,,pixel_mask(drop=0.25),5000.0000,dae_lam0_seed0,dae_lam0
g,normalized/condition,0.5836,0.1720,,pixel_mask(drop=0.5),5000.0000,dae_lam0_seed0,dae_lam0
g,normalized/condition,0.2256,0.1685,,pixel_mask(drop=0.75),5000.0000,dae_lam0_seed0,dae_lam0
g,normalized/condition,0.9998,0.1896,,box_mask(size=8),5000.0000,dae_lam0_seed0,dae_lam0
g,normalized/condition,0.9254,0.2056,,box_mask(size=14),5000.0000,dae_lam0_seed0,dae_lam0
g,normalized/family,0.9997,0.1774,,noise,20000.0000,dae_lam0_seed0,dae_lam0
g,normalized/family,0.9979,0.1723,,blur,20000.0000,dae_lam0_seed0,dae_lam0
g,normalized/family,0.6008,0.1678,,pixel_mask,15000.0000,dae_lam0_seed0,dae_lam0
g,normalized/family,0.9626,0.1976,,box_mask,10000.0000,dae_lam0_seed0,dae_lam0
d,normalized,0.9003,0.1778,1.9472,,,dae_lam0_seed0,dae_lam0
d,normalized/condition,1.0000,0.1972,,noise(sigma=0.1),5000.0000,dae_lam0_seed0,dae_lam0
d,normalized/condition,0.9998,0.2057,,noise(sigma=0.2),5000.0000,dae_lam0_seed0,dae_lam0
d,normalized/condition,0.9998,0.2057,,noise(sigma=0.3),5000.0000,dae_lam0_seed0,dae_lam0
d,normalized/condition,1.0000,0.2061,,noise(sigma=0.5),5000.0000,dae_lam0_seed0,dae_lam0
d,normalized/condition,1.0000,0.1292,,blur(std=0.5),5000.0000,dae_lam0_seed0,dae_lam0
d,normalized/condition,0.9990,0.1516,,blur(std=1),5000.0000,dae_lam0_seed0,dae_lam0
d,normalized/condition,0.9954,0.1561,,blur(std=1.5),5000.0000,dae_lam0_seed0,dae_lam0
d,normalized/condition,0.9866,0.1549,,blur(std=2),5000.0000,dae_lam0_seed0,dae_lam0
d,normalized/condition,0.9994,0.1982,,pixel_mask(drop=0.25),5000.0000,dae_lam0_seed0,dae_lam0
d,normalized/condition,0.7214,0.1985,,pixel_mask(drop=0.5),5000.0000,dae_lam0_seed0,dae_lam0
d,normalized/condition,0.3256,0.1822,,pixel_mask(drop=0.75),5000.0000,dae_lam0_seed0,dae_lam0
d,normalized/condition,0.9996,0.1653,,box_mask(size=8),5000.0000,dae_lam0_seed0,dae_lam0
d,normalized/condition,0.6778,0.1602,,box_mask(size=14),5000.0000,dae_lam0_seed0,dae_lam0
d,normalized/family,0.9999,0.2037,,noise,20000.0000,dae_lam0_seed0,dae_lam0
d,normalized/family,0.9952,0.1480,,blur,20000.0000,dae_lam0_seed0,dae_lam0
d,normalized/family,0.6821,0.1930,,pixel_mask,15000.0000,dae_lam0_seed0,dae_lam0
d,normalized/family,0.8387,0.1628,,box_mask,10000.0000,dae_lam0_seed0,dae_lam0
r_A,normalized,0.9001,0.1775,1.9434,,,dae_lam0_seed0,dae_lam0
r_A,normalized/condition,0.9998,0.2004,,noise(sigma=0.1),5000.0000,dae_lam0_seed0,dae_lam0
r_A,normalized/condition,0.9998,0.2004,,noise(sigma=0.2),5000.0000,dae_lam0_seed0,dae_lam0
r_A,normalized/condition,0.9996,0.2004,,noise(sigma=0.3),5000.0000,dae_lam0_seed0,dae_lam0
r_A,normalized/condition,1.0000,0.2008,,noise(sigma=0.5),5000.0000,dae_lam0_seed0,dae_lam0
r_A,normalized/condition,0.9998,0.1501,,blur(std=0.5),5000.0000,dae_lam0_seed0,dae_lam0
r_A,normalized/condition,0.9984,0.1255,,blur(std=1),5000.0000,dae_lam0_seed0,dae_lam0
r_A,normalized/condition,0.9934,0.1415,,blur(std=1.5),5000.0000,dae_lam0_seed0,dae_lam0
r_A,normalized/condition,0.9878,0.1603,,blur(std=2),5000.0000,dae_lam0_seed0,dae_lam0
r_A,normalized/condition,0.9986,0.1959,,pixel_mask(drop=0.25),5000.0000,dae_lam0_seed0,dae_lam0
r_A,normalized/condition,0.7002,0.1942,,pixel_mask(drop=0.5),5000.0000,dae_lam0_seed0,dae_lam0
r_A,normalized/condition,0.2562,0.1766,,pixel_mask(drop=0.75),5000.0000,dae_lam0_seed0,dae_lam0
r_A,normalized/condition,0.9996,0.1853,,box_mask(size=8),5000.0000,dae_lam0_seed0,dae_lam0
r_A,normalized/condition,0.7676,0.1764,,box_mask(size=14),5000.0000,dae_lam0_seed0,dae_lam0
r_A,normalized/family,0.9998,0.2005,,noise,20000.0000,dae_lam0_seed0,dae_lam0
r_A,normalized/family,0.9949,0.1444,,blur,20000.0000,dae_lam0_seed0,dae_lam0
r_A,normalized/family,0.6517,0.1889,,pixel_mask,15000.0000,dae_lam0_seed0,dae_lam0
r_A,normalized/family,0.8836,0.1808,,box_mask,10000.0000,dae_lam0_seed0,dae_lam0
dis,normalized,0.9013,0.1759,1.9259,,,dae_lam0_seed0,dae_lam0
dis,normalized/condition,0.9998,0.1481,,noise(sigma=0.1),5000.0000,dae_lam0_seed0,dae_lam0
dis,normalized/condition,1.0000,0.1661,,noise(sigma=0.2),5000.0000,dae_lam0_seed0,dae_lam0
dis,normalized/condition,1.0000,0.1935,,noise(sigma=0.3),5000.0000,dae_lam0_seed0,dae_lam0
dis,normalized/condition,1.0000,0.2297,,noise(sigma=0.5),5000.0000,dae_lam0_seed0,dae_lam0
dis,normalized/condition,0.9994,0.1390,,blur(std=0.5),5000.0000,dae_lam0_seed0,dae_lam0
dis,normalized/condition,0.9988,0.1447,,blur(std=1),5000.0000,dae_lam0_seed0,dae_lam0
dis,normalized/condition,0.9970,0.1651,,blur(std=1.5),5000.0000,dae_lam0_seed0,dae_lam0
dis,normalized/condition,0.9944,0.1822,,blur(std=2),5000.0000,dae_lam0_seed0,dae_lam0
dis,normalized/condition,0.9992,0.1728,,pixel_mask(drop=0.25),5000.0000,dae_lam0_seed0,dae_lam0
dis,normalized/condition,0.6890,0.1778,,pixel_mask(drop=0.5),5000.0000,dae_lam0_seed0,dae_lam0
dis,normalized/condition,0.0712,0.1558,,pixel_mask(drop=0.75),5000.0000,dae_lam0_seed0,dae_lam0
dis,normalized/condition,0.9998,0.1945,,box_mask(size=8),5000.0000,dae_lam0_seed0,dae_lam0
dis,normalized/condition,0.9684,0.2168,,box_mask(size=14),5000.0000,dae_lam0_seed0,dae_lam0
dis,normalized/family,1.0000,0.1844,,noise,20000.0000,dae_lam0_seed0,dae_lam0
dis,normalized/family,0.9974,0.1578,,blur,20000.0000,dae_lam0_seed0,dae_lam0
dis,normalized/family,0.5865,0.1688,,pixel_mask,15000.0000,dae_lam0_seed0,dae_lam0
dis,normalized/family,0.9841,0.2056,,box_mask,10000.0000,dae_lam0_seed0,dae_lam0
g2,normalized,0.9021,0.1753,1.9174,,,dae_lam0_seed0,dae_lam0
g2,normalized/condition,0.9984,0.1490,,noise(sigma=0.1),5000.0000,dae_lam0_seed0,dae_lam0
g2,normalized/condition,0.9990,0.1570,,noise(sigma=0.2),5000.0000,dae_lam0_seed0,dae_lam0
g2,normalized/condition,1.0000,0.1695,,noise(sigma=0.3),5000.0000,dae_lam0_seed0,dae_lam0
g2,normalized/condition,1.0000,0.1995,,noise(sigma=0.5),5000.0000,dae_lam0_seed0,dae_lam0
g2,normalized/condition,0.9978,0.1456,,blur(std=0.5),5000.0000,dae_lam0_seed0,dae_lam0
g2,normalized/condition,0.9972,0.1576,,blur(std=1),5000.0000,dae_lam0_seed0,dae_lam0
g2,normalized/condition,0.9962,0.1807,,blur(std=1.5),5000.0000,dae_lam0_seed0,dae_lam0
g2,normalized/condition,0.9982,0.1974,,blur(std=2),5000.0000,dae_lam0_seed0,dae_lam0
g2,normalized/condition,0.9686,0.1588,,pixel_mask(drop=0.25),5000.0000,dae_lam0_seed0,dae_lam0
g2,normalized/condition,0.5478,0.1708,,pixel_mask(drop=0.5),5000.0000,dae_lam0_seed0,dae_lam0
g2,normalized/condition,0.2696,0.1734,,pixel_mask(drop=0.75),5000.0000,dae_lam0_seed0,dae_lam0
g2,normalized/condition,0.9996,0.1995,,box_mask(size=8),5000.0000,dae_lam0_seed0,dae_lam0
g2,normalized/condition,0.9544,0.2196,,box_mask(size=14),5000.0000,dae_lam0_seed0,dae_lam0
g2,normalized/family,0.9993,0.1688,,noise,20000.0000,dae_lam0_seed0,dae_lam0
g2,normalized/family,0.9973,0.1703,,blur,20000.0000,dae_lam0_seed0,dae_lam0
g2,normalized/family,0.5953,0.1677,,pixel_mask,15000.0000,dae_lam0_seed0,dae_lam0
g2,normalized/family,0.9770,0.2095,,box_mask,10000.0000,dae_lam0_seed0,dae_lam0
q,normalized,0.9018,0.1825,1.9932,,,dae_lam0_seed0,dae_lam0
q,normalized/condition,0.9996,0.1825,,noise(sigma=0.1),5000.0000,dae_lam0_seed0,dae_lam0
q,normalized/condition,0.9996,0.1825,,noise(sigma=0.2),5000.0000,dae_lam0_seed0,dae_lam0
q,normalized/condition,0.9994,0.1825,,noise(sigma=0.3),5000.0000,dae_lam0_seed0,dae_lam0
q,normalized/condition,0.9988,0.1825,,noise(sigma=0.5),5000.0000,dae_lam0_seed0,dae_lam0
q,normalized/condition,0.9996,0.1825,,blur(std=0.5),5000.0000,dae_lam0_seed0,dae_lam0
q,normalized/condition,0.9992,0.1825,,blur(std=1),5000.0000,dae_lam0_seed0,dae_lam0
q,normalized/condition,0.9984,0.1825,,blur(std=1.5),5000.0000,dae_lam0_seed0,dae_lam0
q,normalized/condition,0.9946,0.1825,,blur(std=2),5000.0000,dae_lam0_seed0,dae_lam0
q,normalized/condition,0.9934,0.1825,,pixel_mask(drop=0.25),5000.0000,dae_lam0_seed0,dae_lam0
q,normalized/condition,0.6258,0.1825,,pixel_mask(drop=0.5),5000.0000,dae_lam0_seed0,dae_lam0
q,normalized/condition,0.3598,0.1832,,pixel_mask(drop=0.75),5000.0000,dae_lam0_seed0,dae_lam0
q,normalized/condition,0.9984,0.1825,,box_mask(size=8),5000.0000,dae_lam0_seed0,dae_lam0
q,normalized/condition,0.7562,0.1825,,box_mask(size=14),5000.0000,dae_lam0_seed0,dae_lam0
q,normalized/family,0.9993,0.1825,,noise,20000.0000,dae_lam0_seed0,dae_lam0
q,normalized/family,0.9980,0.1825,,blur,20000.0000,dae_lam0_seed0,dae_lam0
q,normalized/family,0.6597,0.1827,,pixel_mask,15000.0000,dae_lam0_seed0,dae_lam0
q,normalized/family,0.8773,0.1825,,box_mask,10000.0000,dae_lam0_seed0,dae_lam0
-,marginal,0.9018,0.1825,0.1825,,,dae_lam0_seed0,dae_lam0
-,severity,0.8983,0.1368,1.4945,,,dae_lam0_seed0,dae_lam0
g,normalized,0.9017,0.1730,1.8796,,,dae_lam0_seed1,dae_lam0
g,normalized/condition,0.9984,0.1312,,noise(sigma=0.1),5000.0000,dae_lam0_seed1,dae_lam0
g,normalized/condition,0.9998,0.1512,,noise(sigma=0.2),5000.0000,dae_lam0_seed1,dae_lam0
g,normalized/condition,1.0000,0.1814,,noise(sigma=0.3),5000.0000,dae_lam0_seed1,dae_lam0
g,normalized/condition,1.0000,0.2284,,noise(sigma=0.5),5000.0000,dae_lam0_seed1,dae_lam0
g,normalized/condition,0.9960,0.1232,,blur(std=0.5),5000.0000,dae_lam0_seed1,dae_lam0
g,normalized/condition,0.9950,0.1484,,blur(std=1),5000.0000,dae_lam0_seed1,dae_lam0
g,normalized/condition,0.9954,0.1840,,blur(std=1.5),5000.0000,dae_lam0_seed1,dae_lam0
g,normalized/condition,0.9992,0.2025,,blur(std=2),5000.0000,dae_lam0_seed1,dae_lam0
g,normalized/condition,0.9808,0.1566,,pixel_mask(drop=0.25),5000.0000,dae_lam0_seed1,dae_lam0
g,normalized/condition,0.5838,0.1739,,pixel_mask(drop=0.5),5000.0000,dae_lam0_seed1,dae_lam0
g,normalized/condition,0.2640,0.1777,,pixel_mask(drop=0.75),5000.0000,dae_lam0_seed1,dae_lam0
g,normalized/condition,0.9998,0.1867,,box_mask(size=8),5000.0000,dae_lam0_seed1,dae_lam0
g,normalized/condition,0.9098,0.2035,,box_mask(size=14),5000.0000,dae_lam0_seed1,dae_lam0
g,normalized/family,0.9996,0.1730,,noise,20000.0000,dae_lam0_seed1,dae_lam0
g,normalized/family,0.9964,0.1645,,blur,20000.0000,dae_lam0_seed1,dae_lam0
g,normalized/family,0.6095,0.1694,,pixel_mask,15000.0000,dae_lam0_seed1,dae_lam0
g,normalized/family,0.9548,0.1951,,box_mask,10000.0000,dae_lam0_seed1,dae_lam0
d,normalized,0.9007,0.1776,1.9326,,,dae_lam0_seed1,dae_lam0
d,normalized/condition,1.0000,0.1972,,noise(sigma=0.1),5000.0000,dae_lam0_seed1,dae_lam0
d,normalized/condition,1.0000,0.2060,,noise(sigma=0.2),5000.0000,dae_lam0_seed1,dae_lam0
d,normalized/condition,0.9996,0.2060,,noise(sigma=0.3),5000.0000,dae_lam0_seed1,dae_lam0
d,normalized/condition,1.0000,0.2065,,noise(sigma=0.5),5000.0000,dae_lam0_seed1,dae_lam0
d,normalized/condition,1.0000,0.1269,,blur(std=0.5),5000.0000,dae_lam0_seed1,dae_lam0
d,normalized/condition,0.9990,0.1502,,blur(std=1),5000.0000,dae_lam0_seed1,dae_lam0
d,normalized/condition,0.9962,0.1561,,blur(std=1.5),5000.0000,dae_lam0_seed1,dae_lam0
d,normalized/condition,0.9876,0.1555,,blur(std=2),5000.0000,dae_lam0_seed1,dae_lam0
d,normalized/condition,0.9990,0.1980,,pixel_mask(drop=0.25),5000.0000,dae_lam0_seed1,dae_lam0
d,normalized/condition,0.7308,0.1985,,pixel_mask(drop=0.5),5000.0000,dae_lam0_seed1,dae_lam0
d,normalized/condition,0.3282,0.1821,,pixel_mask(drop=0.75),5000.0000,dae_lam0_seed1,dae_lam0
d,normalized/condition,0.9996,0.1651,,box_mask(size=8),5000.0000,dae_lam0_seed1,dae_lam0
d,normalized/condition,0.6696,0.1609,,box_mask(size=14),5000.0000,dae_lam0_seed1,dae_lam0
d,normalized/family,0.9999,0.2039,,noise,20000.0000,dae_lam0_seed1,dae_lam0
d,normalized/family,0.9957,0.1472,,blur,20000.0000,dae_lam0_seed1,dae_lam0
d,normalized/family,0.6860,0.1929,,pixel_mask,15000.0000,dae_lam0_seed1,dae_lam0
d,normalized/family,0.8346,0.1630,,box_mask,10000.0000,dae_lam0_seed1,dae_lam0
r_A,normalized,0.9005,0.1786,1.9422,,,dae_lam0_seed1,dae_lam0
r_A,normalized/condition,0.9998,0.2009,,noise(sigma=0.1),5000.0000,dae_lam0_seed1,dae_lam0
r_A,normalized/condition,0.9998,0.2009,,noise(sigma=0.2),5000.0000,dae_lam0_seed1,dae_lam0
r_A,normalized/condition,0.9996,0.2009,,noise(sigma=0.3),5000.0000,dae_lam0_seed1,dae_lam0
r_A,normalized/condition,1.0000,0.2014,,noise(sigma=0.5),5000.0000,dae_lam0_seed1,dae_lam0
r_A,normalized/condition,0.9998,0.1508,,blur(std=0.5),5000.0000,dae_lam0_seed1,dae_lam0
r_A,normalized/condition,0.9986,0.1266,,blur(std=1),5000.0000,dae_lam0_seed1,dae_lam0
r_A,normalized/condition,0.9940,0.1434,,blur(std=1.5),5000.0000,dae_lam0_seed1,dae_lam0
r_A,normalized/condition,0.9918,0.1645,,blur(std=2),5000.0000,dae_lam0_seed1,dae_lam0
r_A,normalized/condition,0.9988,0.1966,,pixel_mask(drop=0.25),5000.0000,dae_lam0_seed1,dae_lam0
r_A,normalized/condition,0.7102,0.1948,,pixel_mask(drop=0.5),5000.0000,dae_lam0_seed1,dae_lam0
r_A,normalized/condition,0.2474,0.1758,,pixel_mask(drop=0.75),5000.0000,dae_lam0_seed1,dae_lam0
r_A,normalized/condition,0.9996,0.1867,,box_mask(size=8),5000.0000,dae_lam0_seed1,dae_lam0
r_A,normalized/condition,0.7666,0.1783,,box_mask(size=14),5000.0000,dae_lam0_seed1,dae_lam0
r_A,normalized/family,0.9998,0.2010,,noise,20000.0000,dae_lam0_seed1,dae_lam0
r_A,normalized/family,0.9960,0.1463,,blur,20000.0000,dae_lam0_seed1,dae_lam0
r_A,normalized/family,0.6521,0.1891,,pixel_mask,15000.0000,dae_lam0_seed1,dae_lam0
r_A,normalized/family,0.8831,0.1825,,box_mask,10000.0000,dae_lam0_seed1,dae_lam0
dis,normalized,0.9015,0.1751,1.9051,,,dae_lam0_seed1,dae_lam0
dis,normalized/condition,0.9998,0.1473,,noise(sigma=0.1),5000.0000,dae_lam0_seed1,dae_lam0
dis,normalized/condition,1.0000,0.1652,,noise(sigma=0.2),5000.0000,dae_lam0_seed1,dae_lam0
dis,normalized/condition,1.0000,0.1924,,noise(sigma=0.3),5000.0000,dae_lam0_seed1,dae_lam0
dis,normalized/condition,1.0000,0.2300,,noise(sigma=0.5),5000.0000,dae_lam0_seed1,dae_lam0
dis,normalized/condition,0.9994,0.1382,,blur(std=0.5),5000.0000,dae_lam0_seed1,dae_lam0
dis,normalized/condition,0.9988,0.1439,,blur(std=1),5000.0000,dae_lam0_seed1,dae_lam0
dis,normalized/condition,0.9972,0.1641,,blur(std=1.5),5000.0000,dae_lam0_seed1,dae_lam0
dis,normalized/condition,0.9948,0.1811,,blur(std=2),5000.0000,dae_lam0_seed1,dae_lam0
dis,normalized/condition,0.9998,0.1717,,pixel_mask(drop=0.25),5000.0000,dae_lam0_seed1,dae_lam0
dis,normalized/condition,0.6904,0.1768,,pixel_mask(drop=0.5),5000.0000,dae_lam0_seed1,dae_lam0
dis,normalized/condition,0.0738,0.1549,,pixel_mask(drop=0.75),5000.0000,dae_lam0_seed1,dae_lam0
dis,normalized/condition,0.9998,0.1939,,box_mask(size=8),5000.0000,dae_lam0_seed1,dae_lam0
dis,normalized/condition,0.9660,0.2168,,box_mask(size=14),5000.0000,dae_lam0_seed1,dae_lam0
dis,normalized/family,1.0000,0.1837,,noise,20000.0000,dae_lam0_seed1,dae_lam0
dis,normalized/family,0.9976,0.1568,,blur,20000.0000,dae_lam0_seed1,dae_lam0
dis,normalized/family,0.5880,0.1678,,pixel_mask,15000.0000,dae_lam0_seed1,dae_lam0
dis,normalized/family,0.9829,0.2054,,box_mask,10000.0000,dae_lam0_seed1,dae_lam0
g2,normalized,0.9010,0.1699,1.8466,,,dae_lam0_seed1,dae_lam0
g2,normalized/condition,0.9978,0.1399,,noise(sigma=0.1),5000.0000,dae_lam0_seed1,dae_lam0
g2,normalized/condition,0.9986,0.1477,,noise(sigma=0.2),5000.0000,dae_lam0_seed1,dae_lam0
g2,normalized/condition,0.9994,0.1615,,noise(sigma=0.3),5000.0000,dae_lam0_seed1,dae_lam0
g2,normalized/condition,1.0000,0.1984,,noise(sigma=0.5),5000.0000,dae_lam0_seed1,dae_lam0
g2,normalized/condition,0.9964,0.1365,,blur(std=0.5),5000.0000,dae_lam0_seed1,dae_lam0
g2,normalized/condition,0.9958,0.1494,,blur(std=1),5000.0000,dae_lam0_seed1,dae_lam0
g2,normalized/condition,0.9914,0.1735,,blur(std=1.5),5000.0000,dae_lam0_seed1,dae_lam0
g2,normalized/condition,0.9918,0.1942,,blur(std=2),5000.0000,dae_lam0_seed1,dae_lam0
g2,normalized/condition,0.9496,0.1529,,pixel_mask(drop=0.25),5000.0000,dae_lam0_seed1,dae_lam0
g2,normalized/condition,0.5578,0.1709,,pixel_mask(drop=0.5),5000.0000,dae_lam0_seed1,dae_lam0
g2,normalized/condition,0.2938,0.1759,,pixel_mask(drop=0.75),5000.0000,dae_lam0_seed1,dae_lam0
g2,normalized/condition,0.9998,0.1930,,box_mask(size=8),5000.0000,dae_lam0_seed1,dae_lam0
g2,normalized/condition,0.9408,0.2147,,box_mask(size=14),5000.0000,dae_lam0_seed1,dae_lam0
g2,normalized/family,0.9990,0.1619,,noise,20000.0000,dae_lam0_seed1,dae_lam0
g2,normalized/family,0.9939,0.1634,,blur,20000.0000,dae_lam0_seed1,dae_lam0
g2,normalized/family,0.6004,0.1666,,pixel_mask,15000.0000,dae_lam0_seed1,dae_lam0
g2,normalized/family,0.9703,0.2039,,box_mask,10000.0000,dae_lam0_seed1,dae_lam0
q,normalized,0.9016,0.1826,1.9813,,,dae_lam0_seed1,dae_lam0
q,normalized/condition,0.9996,0.1821,,noise(sigma=0.1),5000.0000,dae_lam0_seed1,dae_lam0
q,normalized/condition,0.9996,0.1827,,noise(sigma=0.2),5000.0000,dae_lam0_seed1,dae_lam0
q,normalized/condition,0.9996,0.1833,,noise(sigma=0.3),5000.0000,dae_lam0_seed1,dae_lam0
q,normalized/condition,0.9988,0.1841,,noise(sigma=0.5),5000.0000,dae_lam0_seed1,dae_lam0
q,normalized/condition,0.9996,0.1820,,blur(std=0.5),5000.0000,dae_lam0_seed1,dae_lam0
q,normalized/condition,0.9992,0.1824,,blur(std=1),5000.0000,dae_lam0_seed1,dae_lam0
q,normalized/condition,0.9984,0.1828,,blur(std=1.5),5000.0000,dae_lam0_seed1,dae_lam0
q,normalized/condition,0.9952,0.1828,,blur(std=2),5000.0000,dae_lam0_seed1,dae_lam0
q,normalized/condition,0.9934,0.1826,,pixel_mask(drop=0.25),5000.0000,dae_lam0_seed1,dae_lam0
q,normalized/condition,0.6344,0.1826,,pixel_mask(drop=0.5),5000.0000,dae_lam0_seed1,dae_lam0
q,normalized/condition,0.3640,0.1826,,pixel_mask(drop=0.75),5000.0000,dae_lam0_seed1,dae_lam0
q,normalized/condition,0.9982,0.1820,,box_mask(size=8),5000.0000,dae_lam0_seed1,dae_lam0
q,normalized/condition,0.7408,0.1819,,box_mask(size=14),5000.0000,dae_lam0_seed1,dae_lam0
q,normalized/family,0.9994,0.1830,,noise,20000.0000,dae_lam0_seed1,dae_lam0
q,normalized/family,0.9981,0.1825,,blur,20000.0000,dae_lam0_seed1,dae_lam0
q,normalized/family,0.6639,0.1826,,pixel_mask,15000.0000,dae_lam0_seed1,dae_lam0
q,normalized/family,0.8695,0.1820,,box_mask,10000.0000,dae_lam0_seed1,dae_lam0
-,marginal,0.9015,0.1821,0.1821,,,dae_lam0_seed1,dae_lam0
-,severity,0.8980,0.1370,1.4866,,,dae_lam0_seed1,dae_lam0
g,normalized,0.9000,0.1713,1.8629,,,dae_lam0_seed2,dae_lam0
g,normalized/condition,0.9956,0.1281,,noise(sigma=0.1),5000.0000,dae_lam0_seed2,dae_lam0
g,normalized/condition,0.9978,0.1436,,noise(sigma=0.2),5000.0000,dae_lam0_seed2,dae_lam0
g,normalized/condition,0.9992,0.1687,,noise(sigma=0.3),5000.0000,dae_lam0_seed2,dae_lam0
g,normalized/condition,1.0000,0.2165,,noise(sigma=0.5),5000.0000,dae_lam0_seed2,dae_lam0
g,normalized/condition,0.9926,0.1241,,blur(std=0.5),5000.0000,dae_lam0_seed2,dae_lam0
g,normalized/condition,0.9942,0.1499,,blur(std=1),5000.0000,dae_lam0_seed2,dae_lam0
g,normalized/condition,0.9954,0.1838,,blur(std=1.5),5000.0000,dae_lam0_seed2,dae_lam0
g,normalized/condition,0.9972,0.2034,,blur(std=2),5000.0000,dae_lam0_seed2,dae_lam0
g,normalized/condition,0.9542,0.1515,,pixel_mask(drop=0.25),5000.0000,dae_lam0_seed2,dae_lam0
g,normalized/condition,0.5996,0.1754,,pixel_mask(drop=0.5),5000.0000,dae_lam0_seed2,dae_lam0
g,normalized/condition,0.2664,0.1775,,pixel_mask(drop=0.75),5000.0000,dae_lam0_seed2,dae_lam0
g,normalized/condition,0.9992,0.1913,,box_mask(size=8),5000.0000,dae_lam0_seed2,dae_lam0
g,normalized/condition,0.9080,0.2132,,box_mask(size=14),5000.0000,dae_lam0_seed2,dae_lam0
g,normalized/family,0.9981,0.1642,,noise,20000.0000,dae_lam0_seed2,dae_lam0
g,normalized/family,0.9949,0.1653,,blur,20000.0000,dae_lam0_seed2,dae_lam0
g,normalized/family,0.6067,0.1681,,pixel_mask,15000.0000,dae_lam0_seed2,dae_lam0
g,normalized/family,0.9536,0.2023,,box_mask,10000.0000,dae_lam0_seed2,dae_lam0
d,normalized,0.8998,0.1770,1.9256,,,dae_lam0_seed2,dae_lam0
d,normalized/condition,0.9998,0.1986,,noise(sigma=0.1),5000.0000,dae_lam0_seed2,dae_lam0
d,normalized/condition,1.0000,0.2055,,noise(sigma=0.2),5000.0000,dae_lam0_seed2,dae_lam0
d,normalized/condition,0.9998,0.2055,,noise(sigma=0.3),5000.0000,dae_lam0_seed2,dae_lam0
d,normalized/condition,1.0000,0.2058,,noise(sigma=0.5),5000.0000,dae_lam0_seed2,dae_lam0
d,normalized/condition,0.9998,0.1249,,blur(std=0.5),5000.0000,dae_lam0_seed2,dae_lam0
d,normalized/condition,0.9988,0.1447,,blur(std=1),5000.0000,dae_lam0_seed2,dae_lam0
d,normalized/condition,0.9958,0.1528,,blur(std=1.5),5000.0000,dae_lam0_seed2,dae_lam0
d,normalized/condition,0.9898,0.1549,,blur(std=2),5000.0000,dae_lam0_seed2,dae_lam0
d,normalized/condition,0.9994,0.1979,,pixel_mask(drop=0.25),5000.0000,dae_lam0_seed2,dae_lam0
d,normalized/condition,0.7472,0.1978,,pixel_mask(drop=0.5),5000.0000,dae_lam0_seed2,dae_lam0
d,normalized/condition,0.2984,0.1804,,pixel_mask(drop=0.75),5000.0000,dae_lam0_seed2,dae_lam0
d,normalized/condition,0.9996,0.1663,,box_mask(size=8),5000.0000,dae_lam0_seed2,dae_lam0
d,normalized/condition,0.6686,0.1657,,box_mask(size=14),5000.0000,dae_lam0_seed2,dae_lam0
d,normalized/family,0.9999,0.2038,,noise,20000.0000,dae_lam0_seed2,dae_lam0
d,normalized/family,0.9960,0.1443,,blur,20000.0000,dae_lam0_seed2,dae_lam0
d,normalized/family,0.6817,0.1921,,pixel_mask,15000.0000,dae_lam0_seed2,dae_lam0
d,normalized/family,0.8341,0.1660,,box_mask,10000.0000,dae_lam0_seed2,dae_lam0
r_A,normalized,0.9005,0.1795,1.9513,,,dae_lam0_seed2,dae_lam0
r_A,normalized/condition,0.9998,0.2023,,noise(sigma=0.1),5000.0000,dae_lam0_seed2,dae_lam0
r_A,normalized/condition,0.9998,0.2023,,noise(sigma=0.2),5000.0000,dae_lam0_seed2,dae_lam0
r_A,normalized/condition,0.9996,0.2023,,noise(sigma=0.3),5000.0000,dae_lam0_seed2,dae_lam0
r_A,normalized/condition,1.0000,0.2028,,noise(sigma=0.5),5000.0000,dae_lam0_seed2,dae_lam0
r_A,normalized/condition,0.9998,0.1522,,blur(std=0.5),5000.0000,dae_lam0_seed2,dae_lam0
r_A,normalized/condition,0.9980,0.1263,,blur(std=1),5000.0000,dae_lam0_seed2,dae_lam0
r_A,normalized/condition,0.9950,0.1406,,blur(std=1.5),5000.0000,dae_lam0_seed2,dae_lam0
r_A,normalized/condition,0.9948,0.1628,,blur(std=2),5000.0000,dae_lam0_seed2,dae_lam0
r_A,normalized/condition,0.9992,0.1977,,pixel_mask(drop=0.25),5000.0000,dae_lam0_seed2,dae_lam0
r_A,normalized/condition,0.7348,0.1958,,pixel_mask(drop=0.5),5000.0000,dae_lam0_seed2,dae_lam0
r_A,normalized/condition,0.2222,0.1756,,pixel_mask(drop=0.75),5000.0000,dae_lam0_seed2,dae_lam0
r_A,normalized/condition,0.9996,0.1888,,box_mask(size=8),5000.0000,dae_lam0_seed2,dae_lam0
r_A,normalized/condition,0.7638,0.1844,,box_mask(size=14),5000.0000,dae_lam0_seed2,dae_lam0
r_A,normalized/family,0.9998,0.2025,,noise,20000.0000,dae_lam0_seed2,dae_lam0
r_A,normalized/family,0.9969,0.1455,,blur,20000.0000,dae_lam0_seed2,dae_lam0
r_A,normalized/family,0.6521,0.1897,,pixel_mask,15000.0000,dae_lam0_seed2,dae_lam0
r_A,normalized/family,0.8817,0.1866,,box_mask,10000.0000,dae_lam0_seed2,dae_lam0
dis,normalized,0.9011,0.1739,1.8924,,,dae_lam0_seed2,dae_lam0
dis,normalized/condition,0.9998,0.1463,,noise(sigma=0.1),5000.0000,dae_lam0_seed2,dae_lam0
dis,normalized/condition,1.0000,0.1637,,noise(sigma=0.2),5000.0000,dae_lam0_seed2,dae_lam0
dis,normalized/condition,1.0000,0.1904,,noise(sigma=0.3),5000.0000,dae_lam0_seed2,dae_lam0
dis,normalized/condition,1.0000,0.2305,,noise(sigma=0.5),5000.0000,dae_lam0_seed2,dae_lam0
dis,normalized/condition,0.9992,0.1375,,blur(std=0.5),5000.0000,dae_lam0_seed2,dae_lam0
dis,normalized/condition,0.9988,0.1428,,blur(std=1),5000.0000,dae_lam0_seed2,dae_lam0
dis,normalized/condition,0.9974,0.1624,,blur(std=1.5),5000.0000,dae_lam0_seed2,dae_lam0
dis,normalized/condition,0.9946,0.1791,,blur(std=2),5000.0000,dae_lam0_seed2,dae_lam0
dis,normalized/condition,0.9996,0.1700,,pixel_mask(drop=0.25),5000.0000,dae_lam0_seed2,dae_lam0
dis,normalized/condition,0.7056,0.1751,,pixel_mask(drop=0.5),5000.0000,dae_lam0_seed2,dae_lam0
dis,normalized/condition,0.0632,0.1536,,pixel_mask(drop=0.75),5000.0000,dae_lam0_seed2,dae_lam0
dis,normalized/condition,0.9998,0.1928,,box_mask(size=8),5000.0000,dae_lam0_seed2,dae_lam0
dis,normalized/condition,0.9560,0.2171,,box_mask(size=14),5000.0000,dae_lam0_seed2,dae_lam0
dis,normalized/family,1.0000,0.1827,,noise,20000.0000,dae_lam0_seed2,dae_lam0
dis,normalized/family,0.9975,0.1554,,blur,20000.0000,dae_lam0_seed2,dae_lam0
dis,normalized/family,0.5895,0.1662,,pixel_mask,15000.0000,dae_lam0_seed2,dae_lam0
dis,normalized/family,0.9779,0.2049,,box_mask,10000.0000,dae_lam0_seed2,dae_lam0
g2,normalized,0.9013,0.1728,1.8756,,,dae_lam0_seed2,dae_lam0
g2,normalized/condition,0.9974,0.1420,,noise(sigma=0.1),5000.0000,dae_lam0_seed2,dae_lam0
g2,normalized/condition,0.9982,0.1472,,noise(sigma=0.2),5000.0000,dae_lam0_seed2,dae_lam0
g2,normalized/condition,0.9982,0.1569,,noise(sigma=0.3),5000.0000,dae_lam0_seed2,dae_lam0
g2,normalized/condition,0.9996,0.1863,,noise(sigma=0.5),5000.0000,dae_lam0_seed2,dae_lam0
g2,normalized/condition,0.9960,0.1411,,blur(std=0.5),5000.0000,dae_lam0_seed2,dae_lam0
g2,normalized/condition,0.9956,0.1534,,blur(std=1),5000.0000,dae_lam0_seed2,dae_lam0
g2,normalized/condition,0.9932,0.1761,,blur(std=1.5),5000.0000,dae_lam0_seed2,dae_lam0
g2,normalized/condition,0.9934,0.1975,,blur(std=2),5000.0000,dae_lam0_seed2,dae_lam0
g2,normalized/condition,0.9084,0.1557,,pixel_mask(drop=0.25),5000.0000,dae_lam0_seed2,dae_lam0
g2,normalized/condition,0.6442,0.1841,,pixel_mask(drop=0.5),5000.0000,dae_lam0_seed2,dae_lam0
g2,normalized/condition,0.2666,0.1822,,pixel_mask(drop=0.75),5000.0000,dae_lam0_seed2,dae_lam0
g2,normalized/condition,0.9996,0.2016,,box_mask(size=8),5000.0000,dae_lam0_seed2,dae_lam0
g2,normalized/condition,0.9270,0.2227,,box_mask(size=14),5000.0000,dae_lam0_seed2,dae_lam0
g2,normalized/family,0.9983,0.1581,,noise,20000.0000,dae_lam0_seed2,dae_lam0
g2,normalized/family,0.9946,0.1671,,blur,20000.0000,dae_lam0_seed2,dae_lam0
g2,normalized/family,0.6064,0.1740,,pixel_mask,15000.0000,dae_lam0_seed2,dae_lam0
g2,normalized/family,0.9633,0.2121,,box_mask,10000.0000,dae_lam0_seed2,dae_lam0
q,normalized,0.9011,0.1802,1.9535,,,dae_lam0_seed2,dae_lam0
q,normalized/condition,0.9984,0.1858,,noise(sigma=0.1),5000.0000,dae_lam0_seed2,dae_lam0
q,normalized/condition,0.9984,0.1793,,noise(sigma=0.2),5000.0000,dae_lam0_seed2,dae_lam0
q,normalized/condition,0.9980,0.1720,,noise(sigma=0.3),5000.0000,dae_lam0_seed2,dae_lam0
q,normalized/condition,0.9960,0.1618,,noise(sigma=0.5),5000.0000,dae_lam0_seed2,dae_lam0
q,normalized/condition,0.9986,0.1878,,blur(std=0.5),5000.0000,dae_lam0_seed2,dae_lam0
q,normalized/condition,0.9988,0.1809,,blur(std=1),5000.0000,dae_lam0_seed2,dae_lam0
q,normalized/condition,0.9988,0.1769,,blur(std=1.5),5000.0000,dae_lam0_seed2,dae_lam0
q,normalized/condition,0.9928,0.1758,,blur(std=2),5000.0000,dae_lam0_seed2,dae_lam0
q,normalized/condition,0.9904,0.1810,,pixel_mask(drop=0.25),5000.0000,dae_lam0_seed2,dae_lam0
q,normalized/condition,0.6586,0.1852,,pixel_mask(drop=0.5),5000.0000,dae_lam0_seed2,dae_lam0
q,normalized/condition,0.3518,0.1819,,pixel_mask(drop=0.75),5000.0000,dae_lam0_seed2,dae_lam0
q,normalized/condition,0.9974,0.1865,,box_mask(size=8),5000.0000,dae_lam0_seed2,dae_lam0
q,normalized/condition,0.7364,0.1877,,box_mask(size=14),5000.0000,dae_lam0_seed2,dae_lam0
q,normalized/family,0.9977,0.1747,,noise,20000.0000,dae_lam0_seed2,dae_lam0
q,normalized/family,0.9972,0.1804,,blur,20000.0000,dae_lam0_seed2,dae_lam0
q,normalized/family,0.6669,0.1827,,pixel_mask,15000.0000,dae_lam0_seed2,dae_lam0
q,normalized/family,0.8669,0.1871,,box_mask,10000.0000,dae_lam0_seed2,dae_lam0
-,marginal,0.9013,0.1835,0.1835,,,dae_lam0_seed2,dae_lam0
-,severity,0.8974,0.1371,1.4876,,,dae_lam0_seed2,dae_lam0
g,normalized,0.9070,0.2741,1.3056,,,dae_lam1_seed0,dae_lam1
g,normalized/condition,0.9188,0.2744,,noise(sigma=0.1),5000.0000,dae_lam1_seed0,dae_lam1
g,normalized/condition,0.9300,0.2871,,noise(sigma=0.2),5000.0000,dae_lam1_seed0,dae_lam1
g,normalized/condition,0.9354,0.2953,,noise(sigma=0.3),5000.0000,dae_lam1_seed0,dae_lam1
g,normalized/condition,0.9368,0.2975,,noise(sigma=0.5),5000.0000,dae_lam1_seed0,dae_lam1
g,normalized/condition,0.9058,0.2626,,blur(std=0.5),5000.0000,dae_lam1_seed0,dae_lam1
g,normalized/condition,0.8864,0.2545,,blur(std=1),5000.0000,dae_lam1_seed0,dae_lam1
g,normalized/condition,0.8660,0.2470,,blur(std=1.5),5000.0000,dae_lam1_seed0,dae_lam1
g,normalized/condition,0.8324,0.2394,,blur(std=2),5000.0000,dae_lam1_seed0,dae_lam1
g,normalized/condition,0.9162,0.2793,,pixel_mask(drop=0.25),5000.0000,dae_lam1_seed0,dae_lam1
g,normalized/condition,0.9258,0.2883,,pixel_mask(drop=0.5),5000.0000,dae_lam1_seed0,dae_lam1
g,normalized/condition,0.9276,0.2919,,pixel_mask(drop=0.75),5000.0000,dae_lam1_seed0,dae_lam1
g,normalized/condition,0.9032,0.2689,,box_mask(size=8),5000.0000,dae_lam1_seed0,dae_lam1
g,normalized/condition,0.9060,0.2769,,box_mask(size=14),5000.0000,dae_lam1_seed0,dae_lam1
g,normalized/family,0.9303,0.2886,,noise,20000.0000,dae_lam1_seed0,dae_lam1
g,normalized/family,0.8727,0.2509,,blur,20000.0000,dae_lam1_seed0,dae_lam1
g,normalized/family,0.9232,0.2865,,pixel_mask,15000.0000,dae_lam1_seed0,dae_lam1
g,normalized/family,0.9046,0.2729,,box_mask,10000.0000,dae_lam1_seed0,dae_lam1
d,normalized,0.9073,0.2580,1.2293,,,dae_lam1_seed0,dae_lam1
d,normalized/condition,0.9322,0.2663,,noise(sigma=0.1),5000.0000,dae_lam1_seed0,dae_lam1
d,normalized/condition,0.9322,0.2914,,noise(sigma=0.2),5000.0000,dae_lam1_seed0,dae_lam1
d,normalized/condition,0.9322,0.2954,,noise(sigma=0.3),5000.0000,dae_lam1_seed0,dae_lam1
d,normalized/condition,0.9986,0.3068,,noise(sigma=0.5),5000.0000,dae_lam1_seed0,dae_lam1
d,normalized/condition,0.9316,0.2389,,blur(std=0.5),5000.0000,dae_lam1_seed0,dae_lam1
d,normalized/condition,0.9018,0.2299,,blur(std=1),5000.0000,dae_lam1_seed0,dae_lam1
d,normalized/condition,0.8136,0.2246,,blur(std=1.5),5000.0000,dae_lam1_seed0,dae_lam1
d,normalized/condition,0.7228,0.2206,,blur(std=2),5000.0000,dae_lam1_seed0,dae_lam1
d,normalized/condition,0.9322,0.2489,,pixel_mask(drop=0.25),5000.0000,dae_lam1_seed0,dae_lam1
d,normalized/condition,0.9310,0.2525,,pixel_mask(drop=0.5),5000.0000,dae_lam1_seed0,dae_lam1
d,normalized/condition,0.9056,0.2569,,pixel_mask(drop=0.75),5000.0000,dae_lam1_seed0,dae_lam1
d,normalized/condition,0.9298,0.2505,,box_mask(size=8),5000.0000,dae_lam1_seed0,dae_lam1
d,normalized/condition,0.9318,0.2707,,box_mask(size=14),5000.0000,dae_lam1_seed0,dae_lam1
d,normalized/family,0.9488,0.2899,,noise,20000.0000,dae_lam1_seed0,dae_lam1
d,normalized/family,0.8425,0.2285,,blur,20000.0000,dae_lam1_seed0,dae_lam1
d,normalized/family,0.9229,0.2528,,pixel_mask,15000.0000,dae_lam1_seed0,dae_lam1
d,normalized/family,0.9308,0.2606,,box_mask,10000.0000,dae_lam1_seed0,dae_lam1
r_A,normalized,0.9073,0.2680,1.2765,,,dae_lam1_seed0,dae_lam1
r_A,normalized/condition,0.9374,0.2890,,noise(sigma=0.1),5000.0000,dae_lam1_seed0,dae_lam1
r_A,normalized/condition,0.9374,0.2967,,noise(sigma=0.2),5000.0000,dae_lam1_seed0,dae_lam1
r_A,normalized/condition,0.9374,0.2979,,noise(sigma=0.3),5000.0000,dae_lam1_seed0,dae_lam1
r_A,normalized/condition,0.9998,0.3117,,noise(sigma=0.5),5000.0000,dae_lam1_seed0,dae_lam1
r_A,normalized/condition,0.9374,0.2732,,blur(std=0.5),5000.0000,dae_lam1_seed0,dae_lam1
r_A,normalized/condition,0.9368,0.2654,,blur(std=1),5000.0000,dae_lam1_seed0,dae_lam1
r_A,normalized/condition,0.9334,0.2603,,blur(std=1.5),5000.0000,dae_lam1_seed0,dae_lam1
r_A,normalized/condition,0.9244,0.2557,,blur(std=2),5000.0000,dae_lam1_seed0,dae_lam1
r_A,normalized/condition,0.9220,0.2535,,pixel_mask(drop=0.25),5000.0000,dae_lam1_seed0,dae_lam1
r_A,normalized/condition,0.7516,0.2369,,pixel_mask(drop=0.5),5000.0000,dae_lam1_seed0,dae_lam1
r_A,normalized/condition,0.7502,0.2263,,pixel_mask(drop=0.75),5000.0000,dae_lam1_seed0,dae_lam1
r_A,normalized/condition,0.9372,0.2684,,box_mask(size=8),5000.0000,dae_lam1_seed0,dae_lam1
r_A,normalized/condition,0.8904,0.2488,,box_mask(size=14),5000.0000,dae_lam1_seed0,dae_lam1
r_A,normalized/family,0.9530,0.2988,,noise,20000.0000,dae_lam1_seed0,dae_lam1
r_A,normalized/family,0.9330,0.2637,,blur,20000.0000,dae_lam1_seed0,dae_lam1
r_A,normalized/family,0.8079,0.2389,,pixel_mask,15000.0000,dae_lam1_seed0,dae_lam1
r_A,normalized/family,0.9138,0.2586,,box_mask,10000.0000,dae_lam1_seed0,dae_lam1
g2,normalized,0.9109,0.2841,1.3516,,,dae_lam1_seed0,dae_lam1
g2,normalized/condition,0.9104,0.2841,,noise(sigma=0.1),5000.0000,dae_lam1_seed0,dae_lam1
g2,normalized/condition,0.9094,0.2841,,noise(sigma=0.2),5000.0000,dae_lam1_seed0,dae_lam1
g2,normalized/condition,0.9108,0.2842,,noise(sigma=0.3),5000.0000,dae_lam1_seed0,dae_lam1
g2,normalized/condition,0.9106,0.2842,,noise(sigma=0.5),5000.0000,dae_lam1_seed0,dae_lam1
g2,normalized/condition,0.9106,0.2841,,blur(std=0.5),5000.0000,dae_lam1_seed0,dae_lam1
g2,normalized/condition,0.9108,0.2841,,blur(std=1),5000.0000,dae_lam1_seed0,dae_lam1
g2,normalized/condition,0.9108,0.2841,,blur(std=1.5),5000.0000,dae_lam1_seed0,dae_lam1
g2,normalized/condition,0.9116,0.2840,,blur(std=2),5000.0000,dae_lam1_seed0,dae_lam1
g2,normalized/condition,0.9112,0.2842,,pixel_mask(drop=0.25),5000.0000,dae_lam1_seed0,dae_lam1
g2,normalized/condition,0.9112,0.2841,,pixel_mask(drop=0.5),5000.0000,dae_lam1_seed0,dae_lam1
g2,normalized/condition,0.9112,0.2842,,pixel_mask(drop=0.75),5000.0000,dae_lam1_seed0,dae_lam1
g2,normalized/condition,0.9122,0.2841,,box_mask(size=8),5000.0000,dae_lam1_seed0,dae_lam1
g2,normalized/condition,0.9108,0.2841,,box_mask(size=14),5000.0000,dae_lam1_seed0,dae_lam1
g2,normalized/family,0.9103,0.2842,,noise,20000.0000,dae_lam1_seed0,dae_lam1
g2,normalized/family,0.9110,0.2841,,blur,20000.0000,dae_lam1_seed0,dae_lam1
g2,normalized/family,0.9112,0.2842,,pixel_mask,15000.0000,dae_lam1_seed0,dae_lam1
g2,normalized/family,0.9115,0.2841,,box_mask,10000.0000,dae_lam1_seed0,dae_lam1
q,normalized,0.9068,0.2749,1.3095,,,dae_lam1_seed0,dae_lam1
q,normalized/condition,0.9188,0.2751,,noise(sigma=0.1),5000.0000,dae_lam1_seed0,dae_lam1
q,normalized/condition,0.9294,0.2868,,noise(sigma=0.2),5000.0000,dae_lam1_seed0,dae_lam1
q,normalized/condition,0.9356,0.2947,,noise(sigma=0.3),5000.0000,dae_lam1_seed0,dae_lam1
q,normalized/condition,0.9368,0.2976,,noise(sigma=0.5),5000.0000,dae_lam1_seed0,dae_lam1
q,normalized/condition,0.9046,0.2644,,blur(std=0.5),5000.0000,dae_lam1_seed0,dae_lam1
q,normalized/condition,0.8906,0.2571,,blur(std=1),5000.0000,dae_lam1_seed0,dae_lam1
q,normalized/condition,0.8670,0.2499,,blur(std=1.5),5000.0000,dae_lam1_seed0,dae_lam1
q,normalized/condition,0.8396,0.2431,,blur(std=2),5000.0000,dae_lam1_seed0,dae_lam1
q,normalized/condition,0.9114,0.2797,,pixel_mask(drop=0.25),5000.0000,dae_lam1_seed0,dae_lam1
q,normalized/condition,0.9252,0.2878,,pixel_mask(drop=0.5),5000.0000,dae_lam1_seed0,dae_lam1
q,normalized/condition,0.9258,0.2906,,pixel_mask(drop=0.75),5000.0000,dae_lam1_seed0,dae_lam1
q,normalized/condition,0.9008,0.2701,,box_mask(size=8),5000.0000,dae_lam1_seed0,dae_lam1
q,normalized/condition,0.9030,0.2773,,box_mask(size=14),5000.0000,dae_lam1_seed0,dae_lam1
q,normalized/family,0.9302,0.2885,,noise,20000.0000,dae_lam1_seed0,dae_lam1
q,normalized/family,0.8754,0.2536,,blur,20000.0000,dae_lam1_seed0,dae_lam1
q,normalized/family,0.9208,0.2861,,pixel_mask,15000.0000,dae_lam1_seed0,dae_lam1
q,normalized/family,0.9019,0.2737,,box_mask,10000.0000,dae_lam1_seed0,dae_lam1
-,marginal,0.9110,0.2841,0.2841,,,dae_lam1_seed0,dae_lam1
-,severity,0.9110,0.2841,1.3515,,,dae_lam1_seed0,dae_lam1
g,normalized,0.9005,0.1756,1.8166,,,dae_lam1w5_inner_seed0,dae_lam1w5_inner
g,normalized/condition,0.9982,0.1480,,noise(sigma=0.1),5000.0000,dae_lam1w5_inner_seed0,dae_lam1w5_inner
g,normalized/condition,0.9988,0.1565,,noise(sigma=0.2),5000.0000,dae_lam1w5_inner_seed0,dae_lam1w5_inner
g,normalized/condition,0.9992,0.1704,,noise(sigma=0.3),5000.0000,dae_lam1w5_inner_seed0,dae_lam1w5_inner
g,normalized/condition,1.0000,0.2053,,noise(sigma=0.5),5000.0000,dae_lam1w5_inner_seed0,dae_lam1w5_inner
g,normalized/condition,0.9970,0.1431,,blur(std=0.5),5000.0000,dae_lam1w5_inner_seed0,dae_lam1w5_inner
g,normalized/condition,0.9960,0.1508,,blur(std=1),5000.0000,dae_lam1w5_inner_seed0,dae_lam1w5_inner
g,normalized/condition,0.9910,0.1712,,blur(std=1.5),5000.0000,dae_lam1w5_inner_seed0,dae_lam1w5_inner
g,normalized/condition,0.9888,0.1897,,blur(std=2),5000.0000,dae_lam1w5_inner_seed0,dae_lam1w5_inner
g,normalized/condition,0.9586,0.1604,,pixel_mask(drop=0.25),5000.0000,dae_lam1w5_inner_seed0,dae_lam1w5_inner
g,normalized/condition,0.5764,0.1784,,pixel_mask(drop=0.5),5000.0000,dae_lam1w5_inner_seed0,dae_lam1w5_inner
g,normalized/condition,0.2728,0.1782,,pixel_mask(drop=0.75),5000.0000,dae_lam1w5_inner_seed0,dae_lam1w5_inner
g,normalized/condition,0.9998,0.2062,,box_mask(size=8),5000.0000,dae_lam1w5_inner_seed0,dae_lam1w5_inner
g,normalized/condition,0.9304,0.2240,,box_mask(size=14),5000.0000,dae_lam1w5_inner_seed0,dae_lam1w5_inner
g,normalized/family,0.9990,0.1701,,noise,20000.0000,dae_lam1w5_inner_seed0,dae_lam1w5_inner
g,normalized/family,0.9932,0.1637,,blur,20000.0000,dae_lam1w5_inner_seed0,dae_lam1w5_inner
g,normalized/family,0.6026,0.1723,,pixel_mask,15000.0000,dae_lam1w5_inner_seed0,dae_lam1w5_inner
g,normalized/family,0.9651,0.2151,,box_mask,10000.0000,dae_lam1w5_inner_seed0,dae_lam1w5_inner
d,normalized,0.8991,0.1878,1.9455,,,dae_lam1w5_inner_seed0,dae_lam1w5_inner
d,normalized/condition,1.0000,0.2074,,noise(sigma=0.1),5000.0000,dae_lam1w5_inner_seed0,dae_lam1w5_inner
d,normalized/condition,1.0000,0.2134,,noise(sigma=0.2),5000.0000,dae_lam1w5_inner_seed0,dae_lam1w5_inner
d,normalized/condition,1.0000,0.2134,,noise(sigma=0.3),5000.0000,dae_lam1w5_inner_seed0,dae_lam1w5_inner
d,normalized/condition,1.0000,0.2138,,noise(sigma=0.5),5000.0000,dae_lam1w5_inner_seed0,dae_lam1w5_inner
d,normalized/condition,1.0000,0.1417,,blur(std=0.5),5000.0000,dae_lam1w5_inner_seed0,dae_lam1w5_inner
d,normalized/condition,0.9990,0.1624,,blur(std=1),5000.0000,dae_lam1w5_inner_seed0,dae_lam1w5_inner
d,normalized/condition,0.9976,0.1732,,blur(std=1.5),5000.0000,dae_lam1w5_inner_seed0,dae_lam1w5_inner
d,normalized/condition,0.9954,0.1777,,blur(std=2),5000.0000,dae_lam1w5_inner_seed0,dae_lam1w5_inner
d,normalized/condition,0.9986,0.2047,,pixel_mask(drop=0.25),5000.0000,dae_lam1w5_inner_seed0,dae_lam1w5_inner
d,normalized/condition,0.7324,0.2046,,pixel_mask(drop=0.5),5000.0000,dae_lam1w5_inner_seed0,dae_lam1w5_inner
d,normalized/condition,0.2874,0.1846,,pixel_mask(drop=0.75),5000.0000,dae_lam1w5_inner_seed0,dae_lam1w5_inner
d,normalized/condition,0.9996,0.1746,,box_mask(size=8),5000.0000,dae_lam1w5_inner_seed0,dae_lam1w5_inner
d,normalized/condition,0.6782,0.1694,,box_mask(size=14),5000.0000,dae_lam1w5_inner_seed0,dae_lam1w5_inner
d,normalized/family,1.0000,0.2120,,noise,20000.0000,dae_lam1w5_inner_seed0,dae_lam1w5_inner
d,normalized/family,0.9980,0.1637,,blur,20000.0000,dae_lam1w5_inner_seed0,dae_lam1w5_inner
d,normalized/family,0.6728,0.1980,,pixel_mask,15000.0000,dae_lam1w5_inner_seed0,dae_lam1w5_inner
d,normalized/family,0.8389,0.1720,,box_mask,10000.0000,dae_lam1w5_inner_seed0,dae_lam1w5_inner
r_A,normalized,0.9000,0.1761,1.8190,,,dae_lam1w5_inner_seed0,dae_lam1w5_inner
r_A,normalized/condition,0.9854,0.1949,,noise(sigma=0.1),5000.0000,dae_lam1w5_inner_seed0,dae_lam1w5_inner
r_A,normalized/condition,0.9716,0.1104,,noise(sigma=0.2),5000.0000,dae_lam1w5_inner_seed0,dae_lam1w5_inner
r_A,normalized/condition,0.9672,0.1092,,noise(sigma=0.3),5000.0000,dae_lam1w5_inner_seed0,dae_lam1w5_inner
r_A,normalized/condition,0.9470,0.1092,,noise(sigma=0.5),5000.0000,dae_lam1w5_inner_seed0,dae_lam1w5_inner
r_A,normalized/condition,0.9996,0.1963,,blur(std=0.5),5000.0000,dae_lam1w5_inner_seed0,dae_lam1w5_inner
r_A,normalized/condition,0.9994,0.1963,,blur(std=1),5000.0000,dae_lam1w5_inner_seed0,dae_lam1w5_inner
r_A,normalized/condition,0.9992,0.1963,,blur(std=1.5),5000.0000,dae_lam1w5_inner_seed0,dae_lam1w5_inner
r_A,normalized/condition,0.9972,0.1963,,blur(std=2),5000.0000,dae_lam1w5_inner_seed0,dae_lam1w5_inner
r_A,normalized/condition,0.9964,0.1962,,pixel_mask(drop=0.25),5000.0000,dae_lam1w5_inner_seed0,dae_lam1w5_inner
r_A,normalized/condition,0.6634,0.1952,,pixel_mask(drop=0.5),5000.0000,dae_lam1w5_inner_seed0,dae_lam1w5_inner
r_A,normalized/condition,0.4036,0.1963,,pixel_mask(drop=0.75),5000.0000,dae_lam1w5_inner_seed0,dae_lam1w5_inner
r_A,normalized/condition,0.9978,0.1962,,box_mask(size=8),5000.0000,dae_lam1w5_inner_seed0,dae_lam1w5_inner
r_A,normalized/condition,0.7722,0.1963,,box_mask(size=14),5000.0000,dae_lam1w5_inner_seed0,dae_lam1w5_inner
r_A,normalized/family,0.9678,0.1309,,noise,20000.0000,dae_lam1w5_inner_seed0,dae_lam1w5_inner
r_A,normalized/family,0.9989,0.1963,,blur,20000.0000,dae_lam1w5_inner_seed0,dae_lam1w5_inner
r_A,normalized/family,0.6878,0.1959,,pixel_mask,15000.0000,dae_lam1w5_inner_seed0,dae_lam1w5_inner
r_A,normalized/family,0.8850,0.1963,,box_mask,10000.0000,dae_lam1w5_inner_seed0,dae_lam1w5_inner
dis,normalized,0.9005,0.1863,1.9255,,,dae_lam1w5_inner_seed0,dae_lam1w5_inner
dis,normalized/condition,1.0000,0.1700,,noise(sigma=0.1),5000.0000,dae_lam1w5_inner_seed0,dae_lam1w5_inner
dis,normalized/condition,1.0000,0.1713,,noise(sigma=0.2),5000.0000,dae_lam1w5_inner_seed0,dae_lam1w5_inner
dis,normalized/condition,1.0000,0.1767,,noise(sigma=0.3),5000.0000,dae_lam1w5_inner_seed0,dae_lam1w5_inner
dis,normalized/condition,1.0000,0.2034,,noise(sigma=0.5),5000.0000,dae_lam1w5_inner_seed0,dae_lam1w5_inner
dis,normalized/condition,1.0000,0.1699,,blur(std=0.5),5000.0000,dae_lam1w5_inner_seed0,dae_lam1w5_inner
dis,normalized/condition,0.9994,0.1790,,blur(std=1),5000.0000,dae_lam1w5_inner_seed0,dae_lam1w5_inner
dis,normalized/condition,0.9992,0.1948,,blur(std=1.5),5000.0000,dae_lam1w5_inner_seed0,dae_lam1w5_inner
dis,normalized/condition,0.9998,0.2073,,blur(std=2),5000.0000,dae_lam1w5_inner_seed0,dae_lam1w5_inner
dis,normalized/condition,0.9988,0.1832,,pixel_mask(drop=0.25),5000.0000,dae_lam1w5_inner_seed0,dae_lam1w5_inner
dis,normalized/condition,0.6532,0.1840,,pixel_mask(drop=0.5),5000.0000,dae_lam1w5_inner_seed0,dae_lam1w5_inner
dis,normalized/condition,0.1320,0.1638,,pixel_mask(drop=0.75),5000.0000,dae_lam1w5_inner_seed0,dae_lam1w5_inner
dis,normalized/condition,0.9998,0.1995,,box_mask(size=8),5000.0000,dae_lam1w5_inner_seed0,dae_lam1w5_inner
dis,normalized/condition,0.9238,0.2184,,box_mask(size=14),5000.0000,dae_lam1w5_inner_seed0,dae_lam1w5_inner
dis,normalized/family,1.0000,0.1803,,noise,20000.0000,dae_lam1w5_inner_seed0,dae_lam1w5_inner
dis,normalized/family,0.9996,0.1878,,blur,20000.0000,dae_lam1w5_inner_seed0,dae_lam1w5_inner
dis,normalized/family,0.5947,0.1770,,pixel_mask,15000.0000,dae_lam1w5_inner_seed0,dae_lam1w5_inner
dis,normalized/family,0.9618,0.2090,,box_mask,10000.0000,dae_lam1w5_inner_seed0,dae_lam1w5_inner
g2,normalized,0.9021,0.1771,1.8319,,,dae_lam1w5_inner_seed0,dae_lam1w5_inner
g2,normalized/condition,0.9990,0.1649,,noise(sigma=0.1),5000.0000,dae_lam1w5_inner_seed0,dae_lam1w5_inner
g2,normalized/condition,0.9984,0.1673,,noise(sigma=0.2),5000.0000,dae_lam1w5_inner_seed0,dae_lam1w5_inner
g2,normalized/condition,0.9980,0.1708,,noise(sigma=0.3),5000.0000,dae_lam1w5_inner_seed0,dae_lam1w5_inner
g2,normalized/condition,0.9988,0.1849,,noise(sigma=0.5),5000.0000,dae_lam1w5_inner_seed0,dae_lam1w5_inner
g2,normalized/condition,0.9984,0.1634,,blur(std=0.5),5000.0000,dae_lam1w5_inner_seed0,dae_lam1w5_inner
g2,normalized/condition,0.9966,0.1640,,blur(std=1),5000.0000,dae_lam1w5_inner_seed0,dae_lam1w5_inner
g2,normalized/condition,0.9924,0.1658,,blur(std=1.5),5000.0000,dae_lam1w5_inner_seed0,dae_lam1w5_inner
g2,normalized/condition,0.9424,0.1683,,blur(std=2),5000.0000,dae_lam1w5_inner_seed0,dae_lam1w5_inner
g2,normalized/condition,0.9698,0.1638,,pixel_mask(drop=0.25),5000.0000,dae_lam1w5_inner_seed0,dae_lam1w5_inner
g2,normalized/condition,0.5830,0.1768,,pixel_mask(drop=0.5),5000.0000,dae_lam1w5_inner_seed0,dae_lam1w5_inner
g2,normalized/condition,0.3046,0.1754,,pixel_mask(drop=0.75),5000.0000,dae_lam1w5_inner_seed0,dae_lam1w5_inner
g2,normalized/condition,0.9994,0.2028,,box_mask(size=8),5000.0000,dae_lam1w5_inner_seed0,dae_lam1w5_inner
g2,normalized/condition,0.9470,0.2338,,box_mask(size=14),5000.0000,dae_lam1w5_inner_seed0,dae_lam1w5_inner
g2,normalized/family,0.9986,0.1720,,noise,20000.0000,dae_lam1w5_inner_seed0,dae_lam1w5_inner
g2,normalized/family,0.9825,0.1654,,blur,20000.0000,dae_lam1w5_inner_seed0,dae_lam1w5_inner
g2,normalized/family,0.6191,0.1720,,pixel_mask,15000.0000,dae_lam1w5_inner_seed0,dae_lam1w5_inner
g2,normalized/family,0.9732,0.2183,,box_mask,10000.0000,dae_lam1w5_inner_seed0,dae_lam1w5_inner
q,normalized,0.9011,0.1904,1.9663,,,dae_lam1w5_inner_seed0,dae_lam1w5_inner
q,normalized/condition,0.9996,0.1873,,noise(sigma=0.1),5000.0000,dae_lam1w5_inner_seed0,dae_lam1w5_inner
q,normalized/condition,0.9996,0.1884,,noise(sigma=0.2),5000.0000,dae_lam1w5_inner_seed0,dae_lam1w5_inner
q,normalized/condition,0.9998,0.1907,,noise(sigma=0.3),5000.0000,dae_lam1w5_inner_seed0,dae_lam1w5_inner
q,normalized/condition,0.9998,0.1966,,noise(sigma=0.5),5000.0000,dae_lam1w5_inner_seed0,dae_lam1w5_inner
q,normalized/condition,0.9996,0.1868,,blur(std=0.5),5000.0000,dae_lam1w5_inner_seed0,dae_lam1w5_inner
q,normalized/condition,0.9994,0.1883,,blur(std=1),5000.0000,dae_lam1w5_inner_seed0,dae_lam1w5_inner
q,normalized/condition,0.9990,0.1923,,blur(std=1.5),5000.0000,dae_lam1w5_inner_seed0,dae_lam1w5_inner
q,normalized/condition,0.9966,0.1976,,blur(std=2),5000.0000,dae_lam1w5_inner_seed0,dae_lam1w5_inner
q,normalized/condition,0.9952,0.1905,,pixel_mask(drop=0.25),5000.0000,dae_lam1w5_inner_seed0,dae_lam1w5_inner
q,normalized/condition,0.6358,0.1896,,pixel_mask(drop=0.5),5000.0000,dae_lam1w5_inner_seed0,dae_lam1w5_inner
q,normalized/condition,0.3756,0.1906,,pixel_mask(drop=0.75),5000.0000,dae_lam1w5_inner_seed0,dae_lam1w5_inner
q,normalized/condition,0.9986,0.1907,,box_mask(size=8),5000.0000,dae_lam1w5_inner_seed0,dae_lam1w5_inner
q,normalized/condition,0.7154,0.1853,,box_mask(size=14),5000.0000,dae_lam1w5_inner_seed0,dae_lam1w5_inner
q,normalized/family,0.9997,0.1907,,noise,20000.0000,dae_lam1w5_inner_seed0,dae_lam1w5_inner
q,normalized/family,0.9987,0.1913,,blur,20000.0000,dae_lam1w5_inner_seed0,dae_lam1w5_inner
q,normalized/family,0.6689,0.1902,,pixel_mask,15000.0000,dae_lam1w5_inner_seed0,dae_lam1w5_inner
q,normalized/family,0.8570,0.1880,,box_mask,10000.0000,dae_lam1w5_inner_seed0,dae_lam1w5_inner
-,marginal,0.9014,0.1882,0.1882,,,dae_lam1w5_inner_seed0,dae_lam1w5_inner
-,severity,0.8976,0.1451,1.4985,,,dae_lam1w5_inner_seed0,dae_lam1w5_inner
g,normalized,0.9006,0.1734,1.7878,,,dae_lam1w5_inner_seed1,dae_lam1w5_inner
g,normalized/condition,0.9978,0.1453,,noise(sigma=0.1),5000.0000,dae_lam1w5_inner_seed1,dae_lam1w5_inner
g,normalized/condition,0.9982,0.1520,,noise(sigma=0.2),5000.0000,dae_lam1w5_inner_seed1,dae_lam1w5_inner
g,normalized/condition,0.9988,0.1643,,noise(sigma=0.3),5000.0000,dae_lam1w5_inner_seed1,dae_lam1w5_inner
g,normalized/condition,1.0000,0.2043,,noise(sigma=0.5),5000.0000,dae_lam1w5_inner_seed1,dae_lam1w5_inner
g,normalized/condition,0.9958,0.1416,,blur(std=0.5),5000.0000,dae_lam1w5_inner_seed1,dae_lam1w5_inner
g,normalized/condition,0.9938,0.1484,,blur(std=1),5000.0000,dae_lam1w5_inner_seed1,dae_lam1w5_inner
g,normalized/condition,0.9892,0.1679,,blur(std=1.5),5000.0000,dae_lam1w5_inner_seed1,dae_lam1w5_inner
g,normalized/condition,0.9642,0.1857,,blur(std=2),5000.0000,dae_lam1w5_inner_seed1,dae_lam1w5_inner
g,normalized/condition,0.9386,0.1563,,pixel_mask(drop=0.25),5000.0000,dae_lam1w5_inner_seed1,dae_lam1w5_inner
g,normalized/condition,0.6024,0.1797,,pixel_mask(drop=0.5),5000.0000,dae_lam1w5_inner_seed1,dae_lam1w5_inner
g,normalized/condition,0.2748,0.1783,,pixel_mask(drop=0.75),5000.0000,dae_lam1w5_inner_seed1,dae_lam1w5_inner
g,normalized/condition,0.9994,0.2012,,box_mask(size=8),5000.0000,dae_lam1w5_inner_seed1,dae_lam1w5_inner
g,normalized/condition,0.9542,0.2297,,box_mask(size=14),5000.0000,dae_lam1w5_inner_seed1,dae_lam1w5_inner
g,normalized/family,0.9987,0.1665,,noise,20000.0000,dae_lam1w5_inner_seed1,dae_lam1w5_inner
g,normalized/family,0.9858,0.1609,,blur,20000.0000,dae_lam1w5_inner_seed1,dae_lam1w5_inner
g,normalized/family,0.6053,0.1714,,pixel_mask,15000.0000,dae_lam1w5_inner_seed1,dae_lam1w5_inner
g,normalized/family,0.9768,0.2155,,box_mask,10000.0000,dae_lam1w5_inner_seed1,dae_lam1w5_inner
d,normalized,0.9003,0.1901,1.9621,,,dae_lam1w5_inner_seed1,dae_lam1w5_inner
d,normalized/condition,1.0000,0.2077,,noise(sigma=0.1),5000.0000,dae_lam1w5_inner_seed1,dae_lam1w5_inner
d,normalized/condition,1.0000,0.2190,,noise(sigma=0.2),5000.0000,dae_lam1w5_inner_seed1,dae_lam1w5_inner
d,normalized/condition,1.0000,0.2190,,noise(sigma=0.3),5000.0000,dae_lam1w5_inner_seed1,dae_lam1w5_inner
d,normalized/condition,1.0000,0.2194,,noise(sigma=0.5),5000.0000,dae_lam1w5_inner_seed1,dae_lam1w5_inner
d,normalized/condition,1.0000,0.1431,,blur(std=0.5),5000.0000,dae_lam1w5_inner_seed1,dae_lam1w5_inner
d,normalized/condition,0.9992,0.1616,,blur(std=1),5000.0000,dae_lam1w5_inner_seed1,dae_lam1w5_inner
d,normalized/condition,0.9986,0.1742,,blur(std=1.5),5000.0000,dae_lam1w5_inner_seed1,dae_lam1w5_inner
d,normalized/condition,0.9978,0.1820,,blur(std=2),5000.0000,dae_lam1w5_inner_seed1,dae_lam1w5_inner
d,normalized/condition,0.9992,0.2061,,pixel_mask(drop=0.25),5000.0000,dae_lam1w5_inner_seed1,dae_lam1w5_inner
d,normalized/condition,0.7736,0.2071,,pixel_mask(drop=0.5),5000.0000,dae_lam1w5_inner_seed1,dae_lam1w5_inner
d,normalized/condition,0.2080,0.1833,,pixel_mask(drop=0.75),5000.0000,dae_lam1w5_inner_seed1,dae_lam1w5_inner
d,normalized/condition,0.9998,0.1753,,box_mask(size=8),5000.0000,dae_lam1w5_inner_seed1,dae_lam1w5_inner
d,normalized/condition,0.7280,0.1734,,box_mask(size=14),5000.0000,dae_lam1w5_inner_seed1,dae_lam1w5_inner
d,normalized/family,1.0000,0.2163,,noise,20000.0000,dae_lam1w5_inner_seed1,dae_lam1w5_inner
d,normalized/family,0.9989,0.1652,,blur,20000.0000,dae_lam1w5_inner_seed1,dae_lam1w5_inner
d,normalized/family,0.6603,0.1988,,pixel_mask,15000.0000,dae_lam1w5_inner_seed1,dae_lam1w5_inner
d,normalized/family,0.8639,0.1743,,box_mask,10000.0000,dae_lam1w5_inner_seed1,dae_lam1w5_inner
r_A,normalized,0.9005,0.1756,1.8081,,,dae_lam1w5_inner_seed1,dae_lam1w5_inner
r_A,normalized/condition,0.9838,0.1939,,noise(sigma=0.1),5000.0000,dae_lam1w5_inner_seed1,dae_lam1w5_inner
r_A,normalized/condition,0.9702,0.1115,,noise(sigma=0.2),5000.0000,dae_lam1w5_inner_seed1,dae_lam1w5_inner
r_A,normalized/condition,0.9658,0.1103,,noise(sigma=0.3),5000.0000,dae_lam1w5_inner_seed1,dae_lam1w5_inner
r_A,normalized/condition,0.9512,0.1103,,noise(sigma=0.5),5000.0000,dae_lam1w5_inner_seed1,dae_lam1w5_inner
r_A,normalized/condition,0.9992,0.1954,,blur(std=0.5),5000.0000,dae_lam1w5_inner_seed1,dae_lam1w5_inner
r_A,normalized/condition,0.9992,0.1954,,blur(std=1),5000.0000,dae_lam1w5_inner_seed1,dae_lam1w5_inner
r_A,normalized/condition,0.9990,0.1954,,blur(std=1.5),5000.0000,dae_lam1w5_inner_seed1,dae_lam1w5_inner
r_A,normalized/condition,0.9964,0.1954,,blur(std=2),5000.0000,dae_lam1w5_inner_seed1,dae_lam1w5_inner
r_A,normalized/condition,0.9970,0.1953,,pixel_mask(drop=0.25),5000.0000,dae_lam1w5_inner_seed1,dae_lam1w5_inner
r_A,normalized/condition,0.6708,0.1945,,pixel_mask(drop=0.5),5000.0000,dae_lam1w5_inner_seed1,dae_lam1w5_inner
r_A,normalized/condition,0.3942,0.1954,,pixel_mask(drop=0.75),5000.0000,dae_lam1w5_inner_seed1,dae_lam1w5_inner
r_A,normalized/condition,0.9980,0.1952,,box_mask(size=8),5000.0000,dae_lam1w5_inner_seed1,dae_lam1w5_inner
r_A,normalized/condition,0.7822,0.1954,,box_mask(size=14),5000.0000,dae_lam1w5_inner_seed1,dae_lam1w5_inner
r_A,normalized/family,0.9677,0.1315,,noise,20000.0000,dae_lam1w5_inner_seed1,dae_lam1w5_inner
r_A,normalized/family,0.9984,0.1954,,blur,20000.0000,dae_lam1w5_inner_seed1,dae_lam1w5_inner
r_A,normalized/family,0.6873,0.1951,,pixel_mask,15000.0000,dae_lam1w5_inner_seed1,dae_lam1w5_inner
r_A,normalized/family,0.8901,0.1953,,box_mask,10000.0000,dae_lam1w5_inner_seed1,dae_lam1w5_inner
dis,normalized,0.9005,0.1862,1.9183,,,dae_lam1w5_inner_seed1,dae_lam1w5_inner
dis,normalized/condition,1.0000,0.1704,,noise(sigma=0.1),5000.0000,dae_lam1w5_inner_seed1,dae_lam1w5_inner
dis,normalized/condition,1.0000,0.1717,,noise(sigma=0.2),5000.0000,dae_lam1w5_inner_seed1,dae_lam1w5_inner
dis,normalized/condition,1.0000,0.1771,,noise(sigma=0.3),5000.0000,dae_lam1w5_inner_seed1,dae_lam1w5_inner
dis,normalized/condition,1.0000,0.2031,,noise(sigma=0.5),5000.0000,dae_lam1w5_inner_seed1,dae_lam1w5_inner
dis,normalized/condition,1.0000,0.1704,,blur(std=0.5),5000.0000,dae_lam1w5_inner_seed1,dae_lam1w5_inner
dis,normalized/condition,0.9994,0.1792,,blur(std=1),5000.0000,dae_lam1w5_inner_seed1,dae_lam1w5_inner
dis,normalized/condition,0.9992,0.1946,,blur(std=1.5),5000.0000,dae_lam1w5_inner_seed1,dae_lam1w5_inner
dis,normalized/condition,0.9998,0.2067,,blur(std=2),5000.0000,dae_lam1w5_inner_seed1,dae_lam1w5_inner
dis,normalized/condition,0.9986,0.1834,,pixel_mask(drop=0.25),5000.0000,dae_lam1w5_inner_seed1,dae_lam1w5_inner
dis,normalized/condition,0.6688,0.1842,,pixel_mask(drop=0.5),5000.0000,dae_lam1w5_inner_seed1,dae_lam1w5_inner
dis,normalized/condition,0.1200,0.1645,,pixel_mask(drop=0.75),5000.0000,dae_lam1w5_inner_seed1,dae_lam1w5_inner
dis,normalized/condition,0.9998,0.1988,,box_mask(size=8),5000.0000,dae_lam1w5_inner_seed1,dae_lam1w5_inner
dis,normalized/condition,0.9210,0.2166,,box_mask(size=14),5000.0000,dae_lam1w5_inner_seed1,dae_lam1w5_inner
dis,normalized/family,1.0000,0.1806,,noise,20000.0000,dae_lam1w5_inner_seed1,dae_lam1w5_inner
dis,normalized/family,0.9996,0.1877,,blur,20000.0000,dae_lam1w5_inner_seed1,dae_lam1w5_inner
dis,normalized/family,0.5958,0.1774,,pixel_mask,15000.0000,dae_lam1w5_inner_seed1,dae_lam1w5_inner
dis,normalized/family,0.9604,0.2077,,box_mask,10000.0000,dae_lam1w5_inner_seed1,dae_lam1w5_inner
g2,normalized,0.9018,0.1768,1.8252,,,dae_lam1w5_inner_seed1,dae_lam1w5_inner
g2,normalized/condition,0.9974,0.1654,,noise(sigma=0.1),5000.0000,dae_lam1w5_inner_seed1,dae_lam1w5_inner
g2,normalized/condition,0.9978,0.1670,,noise(sigma=0.2),5000.0000,dae_lam1w5_inner_seed1,dae_lam1w5_inner
g2,normalized/condition,0.9980,0.1700,,noise(sigma=0.3),5000.0000,dae_lam1w5_inner_seed1,dae_lam1w5_inner
g2,normalized/condition,0.9984,0.1834,,noise(sigma=0.5),5000.0000,dae_lam1w5_inner_seed1,dae_lam1w5_inner
g2,normalized/condition,0.9976,0.1646,,blur(std=0.5),5000.0000,dae_lam1w5_inner_seed1,dae_lam1w5_inner
g2,normalized/condition,0.9952,0.1657,,blur(std=1),5000.0000,dae_lam1w5_inner_seed1,dae_lam1w5_inner
g2,normalized/condition,0.9902,0.1674,,blur(std=1.5),5000.0000,dae_lam1w5_inner_seed1,dae_lam1w5_inner
g2,normalized/condition,0.9494,0.1701,,blur(std=2),5000.0000,dae_lam1w5_inner_seed1,dae_lam1w5_inner
g2,normalized/condition,0.9608,0.1636,,pixel_mask(drop=0.25),5000.0000,dae_lam1w5_inner_seed1,dae_lam1w5_inner
g2,normalized/condition,0.6078,0.1761,,pixel_mask(drop=0.5),5000.0000,dae_lam1w5_inner_seed1,dae_lam1w5_inner
g2,normalized/condition,0.2694,0.1736,,pixel_mask(drop=0.75),5000.0000,dae_lam1w5_inner_seed1,dae_lam1w5_inner
g2,normalized/condition,0.9988,0.1953,,box_mask(size=8),5000.0000,dae_lam1w5_inner_seed1,dae_lam1w5_inner
g2,normalized/condition,0.9632,0.2358,,box_mask(size=14),5000.0000,dae_lam1w5_inner_seed1,dae_lam1w5_inner
g2,normalized/family,0.9979,0.1714,,noise,20000.0000,dae_lam1w5_inner_seed1,dae_lam1w5_inner
g2,normalized/family,0.9831,0.1670,,blur,20000.0000,dae_lam1w5_inner_seed1,dae_lam1w5_inner
g2,normalized/family,0.6127,0.1711,,pixel_mask,15000.0000,dae_lam1w5_inner_seed1,dae_lam1w5_inner
g2,normalized/family,0.9810,0.2155,,box_mask,10000.0000,dae_lam1w5_inner_seed1,dae_lam1w5_inner
q,normalized,0.9015,0.1899,1.9509,,,dae_lam1w5_inner_seed1,dae_lam1w5_inner
q,normalized/condition,0.9998,0.1833,,noise(sigma=0.1),5000.0000,dae_lam1w5_inner_seed1,dae_lam1w5_inner
q,normalized/condition,0.9998,0.1853,,noise(sigma=0.2),5000.0000,dae_lam1w5_inner_seed1,dae_lam1w5_inner
q,normalized/condition,0.9998,0.1889,,noise(sigma=0.3),5000.0000,dae_lam1w5_inner_seed1,dae_lam1w5_inner
q,normalized/condition,0.9994,0.1991,,noise(sigma=0.5),5000.0000,dae_lam1w5_inner_seed1,dae_lam1w5_inner
q,normalized/condition,0.9994,0.1823,,blur(std=0.5),5000.0000,dae_lam1w5_inner_seed1,dae_lam1w5_inner
q,normalized/condition,0.9996,0.1854,,blur(std=1),5000.0000,dae_lam1w5_inner_seed1,dae_lam1w5_inner
q,normalized/condition,0.9994,0.1921,,blur(std=1.5),5000.0000,dae_lam1w5_inner_seed1,dae_lam1w5_inner
q,normalized/condition,0.9960,0.1979,,blur(std=2),5000.0000,dae_lam1w5_inner_seed1,dae_lam1w5_inner
q,normalized/condition,0.9958,0.1906,,pixel_mask(drop=0.25),5000.0000,dae_lam1w5_inner_seed1,dae_lam1w5_inner
q,normalized/condition,0.6360,0.1905,,pixel_mask(drop=0.5),5000.0000,dae_lam1w5_inner_seed1,dae_lam1w5_inner
q,normalized/condition,0.3926,0.2000,,pixel_mask(drop=0.75),5000.0000,dae_lam1w5_inner_seed1,dae_lam1w5_inner
q,normalized/condition,0.9986,0.1914,,box_mask(size=8),5000.0000,dae_lam1w5_inner_seed1,dae_lam1w5_inner
q,normalized/condition,0.7030,0.1816,,box_mask(size=14),5000.0000,dae_lam1w5_inner_seed1,dae_lam1w5_inner
q,normalized/family,0.9997,0.1891,,noise,20000.0000,dae_lam1w5_inner_seed1,dae_lam1w5_inner
q,normalized/family,0.9986,0.1894,,blur,20000.0000,dae_lam1w5_inner_seed1,dae_lam1w5_inner
q,normalized/family,0.6748,0.1937,,pixel_mask,15000.0000,dae_lam1w5_inner_seed1,dae_lam1w5_inner
q,normalized/family,0.8508,0.1865,,box_mask,10000.0000,dae_lam1w5_inner_seed1,dae_lam1w5_inner
-,marginal,0.9014,0.1871,0.1871,,,dae_lam1w5_inner_seed1,dae_lam1w5_inner
-,severity,0.8996,0.1453,1.4955,,,dae_lam1w5_inner_seed1,dae_lam1w5_inner
g,normalized,0.9008,0.1732,1.7922,,,dae_lam1w5_inner_seed2,dae_lam1w5_inner
g,normalized/condition,0.9974,0.1463,,noise(sigma=0.1),5000.0000,dae_lam1w5_inner_seed2,dae_lam1w5_inner
g,normalized/condition,0.9984,0.1520,,noise(sigma=0.2),5000.0000,dae_lam1w5_inner_seed2,dae_lam1w5_inner
g,normalized/condition,0.9988,0.1641,,noise(sigma=0.3),5000.0000,dae_lam1w5_inner_seed2,dae_lam1w5_inner
g,normalized/condition,0.9996,0.2004,,noise(sigma=0.5),5000.0000,dae_lam1w5_inner_seed2,dae_lam1w5_inner
g,normalized/condition,0.9976,0.1441,,blur(std=0.5),5000.0000,dae_lam1w5_inner_seed2,dae_lam1w5_inner
g,normalized/condition,0.9954,0.1498,,blur(std=1),5000.0000,dae_lam1w5_inner_seed2,dae_lam1w5_inner
g,normalized/condition,0.9942,0.1640,,blur(std=1.5),5000.0000,dae_lam1w5_inner_seed2,dae_lam1w5_inner
g,normalized/condition,0.9892,0.1787,,blur(std=2),5000.0000,dae_lam1w5_inner_seed2,dae_lam1w5_inner
g,normalized/condition,0.9408,0.1595,,pixel_mask(drop=0.25),5000.0000,dae_lam1w5_inner_seed2,dae_lam1w5_inner
g,normalized/condition,0.6086,0.1801,,pixel_mask(drop=0.5),5000.0000,dae_lam1w5_inner_seed2,dae_lam1w5_inner
g,normalized/condition,0.2404,0.1715,,pixel_mask(drop=0.75),5000.0000,dae_lam1w5_inner_seed2,dae_lam1w5_inner
g,normalized/condition,0.9996,0.2061,,box_mask(size=8),5000.0000,dae_lam1w5_inner_seed2,dae_lam1w5_inner
g,normalized/condition,0.9510,0.2351,,box_mask(size=14),5000.0000,dae_lam1w5_inner_seed2,dae_lam1w5_inner
g,normalized/family,0.9986,0.1657,,noise,20000.0000,dae_lam1w5_inner_seed2,dae_lam1w5_inner
g,normalized/family,0.9941,0.1592,,blur,20000.0000,dae_lam1w5_inner_seed2,dae_lam1w5_inner
g,normalized/family,0.5966,0.1704,,pixel_mask,15000.0000,dae_lam1w5_inner_seed2,dae_lam1w5_inner
g,normalized/family,0.9753,0.2206,,box_mask,10000.0000,dae_lam1w5_inner_seed2,dae_lam1w5_inner
d,normalized,0.9004,0.1924,1.9941,,,dae_lam1w5_inner_seed2,dae_lam1w5_inner
d,normalized/condition,1.0000,0.2093,,noise(sigma=0.1),5000.0000,dae_lam1w5_inner_seed2,dae_lam1w5_inner
d,normalized/condition,1.0000,0.2219,,noise(sigma=0.2),5000.0000,dae_lam1w5_inner_seed2,dae_lam1w5_inner
d,normalized/condition,1.0000,0.2219,,noise(sigma=0.3),5000.0000,dae_lam1w5_inner_seed2,dae_lam1w5_inner
d,normalized/condition,1.0000,0.2223,,noise(sigma=0.5),5000.0000,dae_lam1w5_inner_seed2,dae_lam1w5_inner
d,normalized/condition,1.0000,0.1462,,blur(std=0.5),5000.0000,dae_lam1w5_inner_seed2,dae_lam1w5_inner
d,normalized/condition,0.9992,0.1642,,blur(std=1),5000.0000,dae_lam1w5_inner_seed2,dae_lam1w5_inner
d,normalized/condition,0.9990,0.1773,,blur(std=1.5),5000.0000,dae_lam1w5_inner_seed2,dae_lam1w5_inner
d,normalized/condition,0.9984,0.1852,,blur(std=2),5000.0000,dae_lam1w5_inner_seed2,dae_lam1w5_inner
d,normalized/condition,0.9996,0.2080,,pixel_mask(drop=0.25),5000.0000,dae_lam1w5_inner_seed2,dae_lam1w5_inner
d,normalized/condition,0.7862,0.2086,,pixel_mask(drop=0.5),5000.0000,dae_lam1w5_inner_seed2,dae_lam1w5_inner
d,normalized/condition,0.2220,0.1843,,pixel_mask(drop=0.75),5000.0000,dae_lam1w5_inner_seed2,dae_lam1w5_inner
d,normalized/condition,0.9996,0.1757,,box_mask(size=8),5000.0000,dae_lam1w5_inner_seed2,dae_lam1w5_inner
d,normalized/condition,0.7006,0.1758,,box_mask(size=14),5000.0000,dae_lam1w5_inner_seed2,dae_lam1w5_inner
d,normalized/family,1.0000,0.2188,,noise,20000.0000,dae_lam1w5_inner_seed2,dae_lam1w5_inner
d,normalized/family,0.9991,0.1682,,blur,20000.0000,dae_lam1w5_inner_seed2,dae_lam1w5_inner
d,normalized/family,0.6693,0.2003,,pixel_mask,15000.0000,dae_lam1w5_inner_seed2,dae_lam1w5_inner
d,normalized/family,0.8501,0.1758,,box_mask,10000.0000,dae_lam1w5_inner_seed2,dae_lam1w5_inner
r_A,normalized,0.8994,0.1917,1.9843,,,dae_lam1w5_inner_seed2,dae_lam1w5_inner
r_A,normalized/condition,1.0000,0.2132,,noise(sigma=0.1),5000.0000,dae_lam1w5_inner_seed2,dae_lam1w5_inner
r_A,normalized/condition,1.0000,0.2132,,noise(sigma=0.2),5000.0000,dae_lam1w5_inner_seed2,dae_lam1w5_inner
r_A,normalized/condition,0.9996,0.2132,,noise(sigma=0.3),5000.0000,dae_lam1w5_inner_seed2,dae_lam1w5_inner
r_A,normalized/condition,1.0000,0.2138,,noise(sigma=0.5),5000.0000,dae_lam1w5_inner_seed2,dae_lam1w5_inner
r_A,normalized/condition,1.0000,0.1729,,blur(std=0.5),5000.0000,dae_lam1w5_inner_seed2,dae_lam1w5_inner
r_A,normalized/condition,0.9992,0.1502,,blur(std=1),5000.0000,dae_lam1w5_inner_seed2,dae_lam1w5_inner
r_A,normalized/condition,0.9984,0.1567,,blur(std=1.5),5000.0000,dae_lam1w5_inner_seed2,dae_lam1w5_inner
r_A,normalized/condition,0.9980,0.1741,,blur(std=2),5000.0000,dae_lam1w5_inner_seed2,dae_lam1w5_inner
r_A,normalized/condition,0.9992,0.2064,,pixel_mask(drop=0.25),5000.0000,dae_lam1w5_inner_seed2,dae_lam1w5_inner
r_A,normalized/condition,0.7444,0.2038,,pixel_mask(drop=0.5),5000.0000,dae_lam1w5_inner_seed2,dae_lam1w5_inner
r_A,normalized/condition,0.1596,0.1802,,pixel_mask(drop=0.75),5000.0000,dae_lam1w5_inner_seed2,dae_lam1w5_inner
r_A,normalized/condition,0.9996,0.1982,,box_mask(size=8),5000.0000,dae_lam1w5_inner_seed2,dae_lam1w5_inner
r_A,normalized/condition,0.7940,0.1956,,box_mask(size=14),5000.0000,dae_lam1w5_inner_seed2,dae_lam1w5_inner
r_A,normalized/family,0.9999,0.2134,,noise,20000.0000,dae_lam1w5_inner_seed2,dae_lam1w5_inner
r_A,normalized/family,0.9989,0.1635,,blur,20000.0000,dae_lam1w5_inner_seed2,dae_lam1w5_inner
r_A,normalized/family,0.6344,0.1968,,pixel_mask,15000.0000,dae_lam1w5_inner_seed2,dae_lam1w5_inner
r_A,normalized/family,0.8968,0.1969,,box_mask,10000.0000,dae_lam1w5_inner_seed2,dae_lam1w5_inner
dis,normalized,0.9008,0.1880,1.9456,,,dae_lam1w5_inner_seed2,dae_lam1w5_inner
dis,normalized/condition,1.0000,0.1718,,noise(sigma=0.1),5000.0000,dae_lam1w5_inner_seed2,dae_lam1w5_inner
dis,normalized/condition,1.0000,0.1730,,noise(sigma=0.2),5000.0000,dae_lam1w5_inner_seed2,dae_lam1w5_inner
dis,normalized/condition,1.0000,0.1783,,noise(sigma=0.3),5000.0000,dae_lam1w5_inner_seed2,dae_lam1w5_inner
dis,normalized/condition,1.0000,0.2043,,noise(sigma=0.5),5000.0000,dae_lam1w5_inner_seed2,dae_lam1w5_inner
dis,normalized/condition,1.0000,0.1718,,blur(std=0.5),5000.0000,dae_lam1w5_inner_seed2,dae_lam1w5_inner
dis,normalized/condition,0.9998,0.1805,,blur(std=1),5000.0000,dae_lam1w5_inner_seed2,dae_lam1w5_inner
dis,normalized/condition,1.0000,0.1960,,blur(std=1.5),5000.0000,dae_lam1w5_inner_seed2,dae_lam1w5_inner
dis,normalized/condition,1.0000,0.2083,,blur(std=2),5000.0000,dae_lam1w5_inner_seed2,dae_lam1w5_inner
dis,normalized/condition,0.9992,0.1846,,pixel_mask(drop=0.25),5000.0000,dae_lam1w5_inner_seed2,dae_lam1w5_inner
dis,normalized/condition,0.6750,0.1851,,pixel_mask(drop=0.5),5000.0000,dae_lam1w5_inner_seed2,dae_lam1w5_inner
dis,normalized/condition,0.1242,0.1655,,pixel_mask(drop=0.75),5000.0000,dae_lam1w5_inner_seed2,dae_lam1w5_inner
dis,normalized/condition,0.9998,0.2019,,box_mask(size=8),5000.0000,dae_lam1w5_inner_seed2,dae_lam1w5_inner
dis,normalized/condition,0.9120,0.2227,,box_mask(size=14),5000.0000,dae_lam1w5_inner_seed2,dae_lam1w5_inner
dis,normalized/family,1.0000,0.1819,,noise,20000.0000,dae_lam1w5_inner_seed2,dae_lam1w5_inner
dis,normalized/family,1.0000,0.1891,,blur,20000.0000,dae_lam1w5_inner_seed2,dae_lam1w5_inner
dis,normalized/family,0.5995,0.1784,,pixel_mask,15000.0000,dae_lam1w5_inner_seed2,dae_lam1w5_inner
dis,normalized/family,0.9559,0.2123,,box_mask,10000.0000,dae_lam1w5_inner_seed2,dae_lam1w5_inner
g2,normalized,0.9007,0.1743,1.8069,,,dae_lam1w5_inner_seed2,dae_lam1w5_inner
g2,normalized/condition,0.9976,0.1604,,noise(sigma=0.1),5000.0000,dae_lam1w5_inner_seed2,dae_lam1w5_inner
g2,normalized/condition,0.9978,0.1619,,noise(sigma=0.2),5000.0000,dae_lam1w5_inner_seed2,dae_lam1w5_inner
g2,normalized/condition,0.9978,0.1647,,noise(sigma=0.3),5000.0000,dae_lam1w5_inner_seed2,dae_lam1w5_inner
g2,normalized/condition,0.9980,0.1768,,noise(sigma=0.5),5000.0000,dae_lam1w5_inner_seed2,dae_lam1w5_inner
g2,normalized/condition,0.9976,0.1597,,blur(std=0.5),5000.0000,dae_lam1w5_inner_seed2,dae_lam1w5_inner
g2,normalized/condition,0.9968,0.1612,,blur(std=1),5000.0000,dae_lam1w5_inner_seed2,dae_lam1w5_inner
g2,normalized/condition,0.9936,0.1646,,blur(std=1.5),5000.0000,dae_lam1w5_inner_seed2,dae_lam1w5_inner
g2,normalized/condition,0.9742,0.1683,,blur(std=2),5000.0000,dae_lam1w5_inner_seed2,dae_lam1w5_inner
g2,normalized/condition,0.9584,0.1638,,pixel_mask(drop=0.25),5000.0000,dae_lam1w5_inner_seed2,dae_lam1w5_inner
g2,normalized/condition,0.6074,0.1785,,pixel_mask(drop=0.5),5000.0000,dae_lam1w5_inner_seed2,dae_lam1w5_inner
g2,normalized/condition,0.2374,0.1664,,pixel_mask(drop=0.75),5000.0000,dae_lam1w5_inner_seed2,dae_lam1w5_inner
g2,normalized/condition,0.9994,0.2020,,box_mask(size=8),5000.0000,dae_lam1w5_inner_seed2,dae_lam1w5_inner
g2,normalized/condition,0.9534,0.2380,,box_mask(size=14),5000.0000,dae_lam1w5_inner_seed2,dae_lam1w5_inner
g2,normalized/family,0.9978,0.1659,,noise,20000.0000,dae_lam1w5_inner_seed2,dae_lam1w5_inner
g2,normalized/family,0.9906,0.1635,,blur,20000.0000,dae_lam1w5_inner_seed2,dae_lam1w5_inner
g2,normalized/family,0.6011,0.1696,,pixel_mask,15000.0000,dae_lam1w5_inner_seed2,dae_lam1w5_inner
g2,normalized/family,0.9764,0.2200,,box_mask,10000.0000,dae_lam1w5_inner_seed2,dae_lam1w5_inner
q,normalized,0.9023,0.1916,1.9796,,,dae_lam1w5_inner_seed2,dae_lam1w5_inner
q,normalized/condition,0.9992,0.1885,,noise(sigma=0.1),5000.0000,dae_lam1w5_inner_seed2,dae_lam1w5_inner
q,normalized/condition,0.9994,0.1894,,noise(sigma=0.2),5000.0000,dae_lam1w5_inner_seed2,dae_lam1w5_inner
q,normalized/condition,0.9994,0.1915,,noise(sigma=0.3),5000.0000,dae_lam1w5_inner_seed2,dae_lam1w5_inner
q,normalized/condition,0.9994,0.1967,,noise(sigma=0.5),5000.0000,dae_lam1w5_inner_seed2,dae_lam1w5_inner
q,normalized/condition,0.9992,0.1882,,blur(std=0.5),5000.0000,dae_lam1w5_inner_seed2,dae_lam1w5_inner
q,normalized/condition,0.9992,0.1895,,blur(std=1),5000.0000,dae_lam1w5_inner_seed2,dae_lam1w5_inner
q,normalized/condition,0.9988,0.1912,,blur(std=1.5),5000.0000,dae_lam1w5_inner_seed2,dae_lam1w5_inner
q,normalized/condition,0.9976,0.1932,,blur(std=2),5000.0000,dae_lam1w5_inner_seed2,dae_lam1w5_inner
q,normalized/condition,0.9960,0.1908,,pixel_mask(drop=0.25),5000.0000,dae_lam1w5_inner_seed2,dae_lam1w5_inner
q,normalized/condition,0.6428,0.1907,,pixel_mask(drop=0.5),5000.0000,dae_lam1w5_inner_seed2,dae_lam1w5_inner
q,normalized/condition,0.3972,0.2026,,pixel_mask(drop=0.75),5000.0000,dae_lam1w5_inner_seed2,dae_lam1w5_inner
q,normalized/condition,0.9986,0.1908,,box_mask(size=8),5000.0000,dae_lam1w5_inner_seed2,dae_lam1w5_inner
q,normalized/condition,0.7026,0.1874,,box_mask(size=14),5000.0000,dae_lam1w5_inner_seed2,dae_lam1w5_inner
q,normalized/family,0.9993,0.1915,,noise,20000.0000,dae_lam1w5_inner_seed2,dae_lam1w5_inner
q,normalized/family,0.9987,0.1905,,blur,20000.0000,dae_lam1w5_inner_seed2,dae_lam1w5_inner
q,normalized/family,0.6787,0.1947,,pixel_mask,15000.0000,dae_lam1w5_inner_seed2,dae_lam1w5_inner
q,normalized/family,0.8506,0.1891,,box_mask,10000.0000,dae_lam1w5_inner_seed2,dae_lam1w5_inner
-,marginal,0.9015,0.1896,0.1896,,,dae_lam1w5_inner_seed2,dae_lam1w5_inner
-,severity,0.8991,0.1448,1.4971,,,dae_lam1w5_inner_seed2,dae_lam1w5_inner
g,normalized,0.9028,0.1744,1.8792,,,dae_lam1w5_outer_seed0,dae_lam1w5_outer
g,normalized/condition,0.9984,0.1412,,noise(sigma=0.1),5000.0000,dae_lam1w5_outer_seed0,dae_lam1w5_outer
g,normalized/condition,0.9998,0.1700,,noise(sigma=0.2),5000.0000,dae_lam1w5_outer_seed0,dae_lam1w5_outer
g,normalized/condition,1.0000,0.1964,,noise(sigma=0.3),5000.0000,dae_lam1w5_outer_seed0,dae_lam1w5_outer
g,normalized/condition,1.0000,0.2230,,noise(sigma=0.5),5000.0000,dae_lam1w5_outer_seed0,dae_lam1w5_outer
g,normalized/condition,0.9962,0.1261,,blur(std=0.5),5000.0000,dae_lam1w5_outer_seed0,dae_lam1w5_outer
g,normalized/condition,0.9964,0.1546,,blur(std=1),5000.0000,dae_lam1w5_outer_seed0,dae_lam1w5_outer
g,normalized/condition,0.9976,0.1802,,blur(std=1.5),5000.0000,dae_lam1w5_outer_seed0,dae_lam1w5_outer
g,normalized/condition,0.9982,0.1935,,blur(std=2),5000.0000,dae_lam1w5_outer_seed0,dae_lam1w5_outer
g,normalized/condition,0.9970,0.1604,,pixel_mask(drop=0.25),5000.0000,dae_lam1w5_outer_seed0,dae_lam1w5_outer
g,normalized/condition,0.6072,0.1690,,pixel_mask(drop=0.5),5000.0000,dae_lam1w5_outer_seed0,dae_lam1w5_outer
g,normalized/condition,0.2216,0.1663,,pixel_mask(drop=0.75),5000.0000,dae_lam1w5_outer_seed0,dae_lam1w5_outer
g,normalized/condition,0.9998,0.1861,,box_mask(size=8),5000.0000,dae_lam1w5_outer_seed0,dae_lam1w5_outer
g,normalized/condition,0.9248,0.2009,,box_mask(size=14),5000.0000,dae_lam1w5_outer_seed0,dae_lam1w5_outer
g,normalized/family,0.9996,0.1827,,noise,20000.0000,dae_lam1w5_outer_seed0,dae_lam1w5_outer
g,normalized/family,0.9971,0.1636,,blur,20000.0000,dae_lam1w5_outer_seed0,dae_lam1w5_outer
g,normalized/family,0.6086,0.1653,,pixel_mask,15000.0000,dae_lam1w5_outer_seed0,dae_lam1w5_outer
g,normalized/family,0.9623,0.1935,,box_mask,10000.0000,dae_lam1w5_outer_seed0,dae_lam1w5_outer
d,normalized,0.9003,0.1726,1.8596,,,dae_lam1w5_outer_seed0,dae_lam1w5_outer
d,normalized/condition,0.9998,0.1917,,noise(sigma=0.1),5000.0000,dae_lam1w5_outer_seed0,dae_lam1w5_outer
d,normalized/condition,0.9998,0.2019,,noise(sigma=0.2),5000.0000,dae_lam1w5_outer_seed0,dae_lam1w5_outer
d,normalized/condition,0.9996,0.2019,,noise(sigma=0.3),5000.0000,dae_lam1w5_outer_seed0,dae_lam1w5_outer
d,normalized/condition,1.0000,0.2022,,noise(sigma=0.5),5000.0000,dae_lam1w5_outer_seed0,dae_lam1w5_outer
d,normalized/condition,0.9998,0.1305,,blur(std=0.5),5000.0000,dae_lam1w5_outer_seed0,dae_lam1w5_outer
d,normalized/condition,0.9976,0.1406,,blur(std=1),5000.0000,dae_lam1w5_outer_seed0,dae_lam1w5_outer
d,normalized/condition,0.9904,0.1425,,blur(std=1.5),5000.0000,dae_lam1w5_outer_seed0,dae_lam1w5_outer
d,normalized/condition,0.9564,0.1393,,blur(std=2),5000.0000,dae_lam1w5_outer_seed0,dae_lam1w5_outer
d,normalized/condition,0.9986,0.1939,,pixel_mask(drop=0.25),5000.0000,dae_lam1w5_outer_seed0,dae_lam1w5_outer
d,normalized/condition,0.7180,0.1946,,pixel_mask(drop=0.5),5000.0000,dae_lam1w5_outer_seed0,dae_lam1w5_outer
d,normalized/condition,0.3748,0.1811,,pixel_mask(drop=0.75),5000.0000,dae_lam1w5_outer_seed0,dae_lam1w5_outer
d,normalized/condition,0.9996,0.1649,,box_mask(size=8),5000.0000,dae_lam1w5_outer_seed0,dae_lam1w5_outer
d,normalized/condition,0.6690,0.1587,,box_mask(size=14),5000.0000,dae_lam1w5_outer_seed0,dae_lam1w5_outer
d,normalized/family,0.9998,0.1994,,noise,20000.0000,dae_lam1w5_outer_seed0,dae_lam1w5_outer
d,normalized/family,0.9860,0.1383,,blur,20000.0000,dae_lam1w5_outer_seed0,dae_lam1w5_outer
d,normalized/family,0.6971,0.1899,,pixel_mask,15000.0000,dae_lam1w5_outer_seed0,dae_lam1w5_outer
d,normalized/family,0.8343,0.1618,,box_mask,10000.0000,dae_lam1w5_outer_seed0,dae_lam1w5_outer
r_A,normalized,0.9004,0.1764,1.8990,,,dae_lam1w5_outer_seed0,dae_lam1w5_outer
r_A,normalized/condition,0.9998,0.1980,,noise(sigma=0.1),5000.0000,dae_lam1w5_outer_seed0,dae_lam1w5_outer
r_A,normalized/condition,0.9998,0.1980,,noise(sigma=0.2),5000.0000,dae_lam1w5_outer_seed0,dae_lam1w5_outer
r_A,normalized/condition,0.9996,0.1980,,noise(sigma=0.3),5000.0000,dae_lam1w5_outer_seed0,dae_lam1w5_outer
r_A,normalized/condition,1.0000,0.1984,,noise(sigma=0.5),5000.0000,dae_lam1w5_outer_seed0,dae_lam1w5_outer
r_A,normalized/condition,0.9998,0.1547,,blur(std=0.5),5000.0000,dae_lam1w5_outer_seed0,dae_lam1w5_outer
r_A,normalized/condition,0.9986,0.1287,,blur(std=1),5000.0000,dae_lam1w5_outer_seed0,dae_lam1w5_outer
r_A,normalized/condition,0.9926,0.1404,,blur(std=1.5),5000.0000,dae_lam1w5_outer_seed0,dae_lam1w5_outer
r_A,normalized/condition,0.9856,0.1563,,blur(std=2),5000.0000,dae_lam1w5_outer_seed0,dae_lam1w5_outer
r_A,normalized/condition,0.9974,0.1941,,pixel_mask(drop=0.25),5000.0000,dae_lam1w5_outer_seed0,dae_lam1w5_outer
r_A,normalized/condition,0.7020,0.1915,,pixel_mask(drop=0.5),5000.0000,dae_lam1w5_outer_seed0,dae_lam1w5_outer
r_A,normalized/condition,0.2682,0.1735,,pixel_mask(drop=0.75),5000.0000,dae_lam1w5_outer_seed0,dae_lam1w5_outer
r_A,normalized/condition,0.9996,0.1856,,box_mask(size=8),5000.0000,dae_lam1w5_outer_seed0,dae_lam1w5_outer
r_A,normalized/condition,0.7620,0.1755,,box_mask(size=14),5000.0000,dae_lam1w5_outer_seed0,dae_lam1w5_outer
r_A,normalized/family,0.9998,0.1981,,noise,20000.0000,dae_lam1w5_outer_seed0,dae_lam1w5_outer
r_A,normalized/family,0.9941,0.1450,,blur,20000.0000,dae_lam1w5_outer_seed0,dae_lam1w5_outer
r_A,normalized/family,0.6559,0.1864,,pixel_mask,15000.0000,dae_lam1w5_outer_seed0,dae_lam1w5_outer
r_A,normalized/family,0.8808,0.1806,,box_mask,10000.0000,dae_lam1w5_outer_seed0,dae_lam1w5_outer
dis,normalized,0.9012,0.1781,1.9207,,,dae_lam1w5_outer_seed0,dae_lam1w5_outer
dis,normalized/condition,1.0000,0.1581,,noise(sigma=0.1),5000.0000,dae_lam1w5_outer_seed0,dae_lam1w5_outer
dis,normalized/condition,1.0000,0.1782,,noise(sigma=0.2),5000.0000,dae_lam1w5_outer_seed0,dae_lam1w5_outer
dis,normalized/condition,1.0000,0.2040,,noise(sigma=0.3),5000.0000,dae_lam1w5_outer_seed0,dae_lam1w5_outer
dis,normalized/condition,1.0000,0.2264,,noise(sigma=0.5),5000.0000,dae_lam1w5_outer_seed0,dae_lam1w5_outer
dis,normalized/condition,0.9994,0.1456,,blur(std=0.5),5000.0000,dae_lam1w5_outer_seed0,dae_lam1w5_outer
dis,normalized/condition,0.9992,0.1501,,blur(std=1),5000.0000,dae_lam1w5_outer_seed0,dae_lam1w5_outer
dis,normalized/condition,0.9990,0.1659,,blur(std=1.5),5000.0000,dae_lam1w5_outer_seed0,dae_lam1w5_outer
dis,normalized/condition,0.9974,0.1803,,blur(std=2),5000.0000,dae_lam1w5_outer_seed0,dae_lam1w5_outer
dis,normalized/condition,0.9998,0.1758,,pixel_mask(drop=0.25),5000.0000,dae_lam1w5_outer_seed0,dae_lam1w5_outer
dis,normalized/condition,0.7132,0.1762,,pixel_mask(drop=0.5),5000.0000,dae_lam1w5_outer_seed0,dae_lam1w5_outer
dis,normalized/condition,0.0922,0.1552,,pixel_mask(drop=0.75),5000.0000,dae_lam1w5_outer_seed0,dae_lam1w5_outer
dis,normalized/condition,1.0000,0.1946,,box_mask(size=8),5000.0000,dae_lam1w5_outer_seed0,dae_lam1w5_outer
dis,normalized/condition,0.9154,0.2052,,box_mask(size=14),5000.0000,dae_lam1w5_outer_seed0,dae_lam1w5_outer
dis,normalized/family,1.0000,0.1917,,noise,20000.0000,dae_lam1w5_outer_seed0,dae_lam1w5_outer
dis,normalized/family,0.9988,0.1605,,blur,20000.0000,dae_lam1w5_outer_seed0,dae_lam1w5_outer
dis,normalized/family,0.6017,0.1691,,pixel_mask,15000.0000,dae_lam1w5_outer_seed0,dae_lam1w5_outer
dis,normalized/family,0.9577,0.1999,,box_mask,10000.0000,dae_lam1w5_outer_seed0,dae_lam1w5_outer
g2,normalized,0.9028,0.1718,1.8501,,,dae_lam1w5_outer_seed0,dae_lam1w5_outer
g2,normalized/condition,0.9986,0.1422,,noise(sigma=0.1),5000.0000,dae_lam1w5_outer_seed0,dae_lam1w5_outer
g2,normalized/condition,0.9994,0.1580,,noise(sigma=0.2),5000.0000,dae_lam1w5_outer_seed0,dae_lam1w5_outer
g2,normalized/condition,1.0000,0.1771,,noise(sigma=0.3),5000.0000,dae_lam1w5_outer_seed0,dae_lam1w5_outer
g2,normalized/condition,1.0000,0.2085,,noise(sigma=0.5),5000.0000,dae_lam1w5_outer_seed0,dae_lam1w5_outer
g2,normalized/condition,0.9974,0.1350,,blur(std=0.5),5000.0000,dae_lam1w5_outer_seed0,dae_lam1w5_outer
g2,normalized/condition,0.9968,0.1507,,blur(std=1),5000.0000,dae_lam1w5_outer_seed0,dae_lam1w5_outer
g2,normalized/condition,0.9958,0.1733,,blur(std=1.5),5000.0000,dae_lam1w5_outer_seed0,dae_lam1w5_outer
g2,normalized/condition,0.9968,0.1889,,blur(std=2),5000.0000,dae_lam1w5_outer_seed0,dae_lam1w5_outer
g2,normalized/condition,0.9878,0.1562,,pixel_mask(drop=0.25),5000.0000,dae_lam1w5_outer_seed0,dae_lam1w5_outer
g2,normalized/condition,0.5300,0.1648,,pixel_mask(drop=0.5),5000.0000,dae_lam1w5_outer_seed0,dae_lam1w5_outer
g2,normalized/condition,0.2774,0.1704,,pixel_mask(drop=0.75),5000.0000,dae_lam1w5_outer_seed0,dae_lam1w5_outer
g2,normalized/condition,0.9996,0.1951,,box_mask(size=8),5000.0000,dae_lam1w5_outer_seed0,dae_lam1w5_outer
g2,normalized/condition,0.9566,0.2135,,box_mask(size=14),5000.0000,dae_lam1w5_outer_seed0,dae_lam1w5_outer
g2,normalized/family,0.9995,0.1714,,noise,20000.0000,dae_lam1w5_outer_seed0,dae_lam1w5_outer
g2,normalized/family,0.9967,0.1620,,blur,20000.0000,dae_lam1w5_outer_seed0,dae_lam1w5_outer
g2,normalized/family,0.5984,0.1638,,pixel_mask,15000.0000,dae_lam1w5_outer_seed0,dae_lam1w5_outer
g2,normalized/family,0.9781,0.2043,,box_mask,10000.0000,dae_lam1w5_outer_seed0,dae_lam1w5_outer
q,normalized,0.9018,0.1776,1.9085,,,dae_lam1w5_outer_seed0,dae_lam1w5_outer
q,normalized/condition,0.9988,0.1813,,noise(sigma=0.1),5000.0000,dae_lam1w5_outer_seed0,dae_lam1w5_outer
q,normalized/condition,0.9990,0.1774,,noise(sigma=0.2),5000.0000,dae_lam1w5_outer_seed0,dae_lam1w5_outer
q,normalized/condition,0.9990,0.1708,,noise(sigma=0.3),5000.0000,dae_lam1w5_outer_seed0,dae_lam1w5_outer
q,normalized/condition,0.9962,0.1557,,noise(sigma=0.5),5000.0000,dae_lam1w5_outer_seed0,dae_lam1w5_outer
q,normalized/condition,0.9992,0.1821,,blur(std=0.5),5000.0000,dae_lam1w5_outer_seed0,dae_lam1w5_outer
q,normalized/condition,0.9990,0.1796,,blur(std=1),5000.0000,dae_lam1w5_outer_seed0,dae_lam1w5_outer
q,normalized/condition,0.9988,0.1783,,blur(std=1.5),5000.0000,dae_lam1w5_outer_seed0,dae_lam1w5_outer
q,normalized/condition,0.9940,0.1800,,blur(std=2),5000.0000,dae_lam1w5_outer_seed0,dae_lam1w5_outer
q,normalized/condition,0.9898,0.1803,,pixel_mask(drop=0.25),5000.0000,dae_lam1w5_outer_seed0,dae_lam1w5_outer
q,normalized/condition,0.6250,0.1794,,pixel_mask(drop=0.5),5000.0000,dae_lam1w5_outer_seed0,dae_lam1w5_outer
q,normalized/condition,0.3738,0.1801,,pixel_mask(drop=0.75),5000.0000,dae_lam1w5_outer_seed0,dae_lam1w5_outer
q,normalized/condition,0.9980,0.1820,,box_mask(size=8),5000.0000,dae_lam1w5_outer_seed0,dae_lam1w5_outer
q,normalized/condition,0.7522,0.1821,,box_mask(size=14),5000.0000,dae_lam1w5_outer_seed0,dae_lam1w5_outer
q,normalized/family,0.9982,0.1713,,noise,20000.0000,dae_lam1w5_outer_seed0,dae_lam1w5_outer
q,normalized/family,0.9978,0.1800,,blur,20000.0000,dae_lam1w5_outer_seed0,dae_lam1w5_outer
q,normalized/family,0.6629,0.1800,,pixel_mask,15000.0000,dae_lam1w5_outer_seed0,dae_lam1w5_outer
q,normalized/family,0.8751,0.1820,,box_mask,10000.0000,dae_lam1w5_outer_seed0,dae_lam1w5_outer
-,marginal,0.9020,0.1805,0.1805,,,dae_lam1w5_outer_seed0,dae_lam1w5_outer
-,severity,0.8986,0.1378,1.4806,,,dae_lam1w5_outer_seed0,dae_lam1w5_outer
g,normalized,0.9036,0.1805,1.8478,,,dae_lam1w5_outer_seed1,dae_lam1w5_outer
g,normalized/condition,0.9984,0.1456,,noise(sigma=0.1),5000.0000,dae_lam1w5_outer_seed1,dae_lam1w5_outer
g,normalized/condition,0.9994,0.1718,,noise(sigma=0.2),5000.0000,dae_lam1w5_outer_seed1,dae_lam1w5_outer
g,normalized/condition,0.9998,0.1956,,noise(sigma=0.3),5000.0000,dae_lam1w5_outer_seed1,dae_lam1w5_outer
g,normalized/condition,0.9998,0.2600,,noise(sigma=0.5),5000.0000,dae_lam1w5_outer_seed1,dae_lam1w5_outer
g,normalized/condition,0.9962,0.1323,,blur(std=0.5),5000.0000,dae_lam1w5_outer_seed1,dae_lam1w5_outer
g,normalized/condition,0.9966,0.1609,,blur(std=1),5000.0000,dae_lam1w5_outer_seed1,dae_lam1w5_outer
g,normalized/condition,0.9978,0.1864,,blur(std=1.5),5000.0000,dae_lam1w5_outer_seed1,dae_lam1w5_outer
g,normalized/condition,0.9992,0.2022,,blur(std=2),5000.0000,dae_lam1w5_outer_seed1,dae_lam1w5_outer
g,normalized/condition,0.9884,0.1613,,pixel_mask(drop=0.25),5000.0000,dae_lam1w5_outer_seed1,dae_lam1w5_outer
g,normalized/condition,0.5696,0.1699,,pixel_mask(drop=0.5),5000.0000,dae_lam1w5_outer_seed1,dae_lam1w5_outer
g,normalized/condition,0.2932,0.1724,,pixel_mask(drop=0.75),5000.0000,dae_lam1w5_outer_seed1,dae_lam1w5_outer
g,normalized/condition,0.9998,0.1863,,box_mask(size=8),5000.0000,dae_lam1w5_outer_seed1,dae_lam1w5_outer
g,normalized/condition,0.9082,0.2011,,box_mask(size=14),5000.0000,dae_lam1w5_outer_seed1,dae_lam1w5_outer
g,normalized/family,0.9993,0.1933,,noise,20000.0000,dae_lam1w5_outer_seed1,dae_lam1w5_outer
g,normalized/family,0.9974,0.1705,,blur,20000.0000,dae_lam1w5_outer_seed1,dae_lam1w5_outer
g,normalized/family,0.6171,0.1678,,pixel_mask,15000.0000,dae_lam1w5_outer_seed1,dae_lam1w5_outer
g,normalized/family,0.9540,0.1937,,box_mask,10000.0000,dae_lam1w5_outer_seed1,dae_lam1w5_outer
d,normalized,0.9001,0.1777,1.8235,,,dae_lam1w5_outer_seed1,dae_lam1w5_outer
d,normalized/condition,1.0000,0.1946,,noise(sigma=0.1),5000.0000,dae_lam1w5_outer_seed1,dae_lam1w5_outer
d,normalized/condition,0.9998,0.2130,,noise(sigma=0.2),5000.0000,dae_lam1w5_outer_seed1,dae_lam1w5_outer
d,normalized/condition,0.9998,0.2130,,noise(sigma=0.3),5000.0000,dae_lam1w5_outer_seed1,dae_lam1w5_outer
d,normalized/condition,1.0000,0.2471,,noise(sigma=0.5),5000.0000,dae_lam1w5_outer_seed1,dae_lam1w5_outer
d,normalized/condition,1.0000,0.1252,,blur(std=0.5),5000.0000,dae_lam1w5_outer_seed1,dae_lam1w5_outer
d,normalized/condition,0.9972,0.1341,,blur(std=1),5000.0000,dae_lam1w5_outer_seed1,dae_lam1w5_outer
d,normalized/condition,0.9898,0.1401,,blur(std=1.5),5000.0000,dae_lam1w5_outer_seed1,dae_lam1w5_outer
d,normalized/condition,0.9680,0.1396,,blur(std=2),5000.0000,dae_lam1w5_outer_seed1,dae_lam1w5_outer
d,normalized/condition,0.9986,0.1990,,pixel_mask(drop=0.25),5000.0000,dae_lam1w5_outer_seed1,dae_lam1w5_outer
d,normalized/condition,0.7516,0.2008,,pixel_mask(drop=0.5),5000.0000,dae_lam1w5_outer_seed1,dae_lam1w5_outer
d,normalized/condition,0.3364,0.1820,,pixel_mask(drop=0.75),5000.0000,dae_lam1w5_outer_seed1,dae_lam1w5_outer
d,normalized/condition,0.9996,0.1630,,box_mask(size=8),5000.0000,dae_lam1w5_outer_seed1,dae_lam1w5_outer
d,normalized/condition,0.6600,0.1589,,box_mask(size=14),5000.0000,dae_lam1w5_outer_seed1,dae_lam1w5_outer
d,normalized/family,0.9999,0.2169,,noise,20000.0000,dae_lam1w5_outer_seed1,dae_lam1w5_outer
d,normalized/family,0.9888,0.1347,,blur,20000.0000,dae_lam1w5_outer_seed1,dae_lam1w5_outer
d,normalized/family,0.6955,0.1939,,pixel_mask,15000.0000,dae_lam1w5_outer_seed1,dae_lam1w5_outer
d,normalized/family,0.8298,0.1610,,box_mask,10000.0000,dae_lam1w5_outer_seed1,dae_lam1w5_outer
r_A,normalized,0.8999,0.1805,1.8503,,,dae_lam1w5_outer_seed1,dae_lam1w5_outer
r_A,normalized/condition,0.9998,0.2022,,noise(sigma=0.1),5000.0000,dae_lam1w5_outer_seed1,dae_lam1w5_outer
r_A,normalized/condition,0.9998,0.2022,,noise(sigma=0.2),5000.0000,dae_lam1w5_outer_seed1,dae_lam1w5_outer
r_A,normalized/condition,0.9996,0.2022,,noise(sigma=0.3),5000.0000,dae_lam1w5_outer_seed1,dae_lam1w5_outer
r_A,normalized/condition,1.0000,0.2423,,noise(sigma=0.5),5000.0000,dae_lam1w5_outer_seed1,dae_lam1w5_outer
r_A,normalized/condition,0.9998,0.1588,,blur(std=0.5),5000.0000,dae_lam1w5_outer_seed1,dae_lam1w5_outer
r_A,normalized/condition,0.9982,0.1265,,blur(std=1),5000.0000,dae_lam1w5_outer_seed1,dae_lam1w5_outer
r_A,normalized/condition,0.9918,0.1320,,blur(std=1.5),5000.0000,dae_lam1w5_outer_seed1,dae_lam1w5_outer
r_A,normalized/condition,0.9802,0.1455,,blur(std=2),5000.0000,dae_lam1w5_outer_seed1,dae_lam1w5_outer
r_A,normalized/condition,0.9968,0.1969,,pixel_mask(drop=0.25),5000.0000,dae_lam1w5_outer_seed1,dae_lam1w5_outer
r_A,normalized/condition,0.7036,0.1942,,pixel_mask(drop=0.5),5000.0000,dae_lam1w5_outer_seed1,dae_lam1w5_outer
r_A,normalized/condition,0.2432,0.1745,,pixel_mask(drop=0.75),5000.0000,dae_lam1w5_outer_seed1,dae_lam1w5_outer
r_A,normalized/condition,0.9996,0.1890,,box_mask(size=8),5000.0000,dae_lam1w5_outer_seed1,dae_lam1w5_outer
r_A,normalized/condition,0.7860,0.1803,,box_mask(size=14),5000.0000,dae_lam1w5_outer_seed1,dae_lam1w5_outer
r_A,normalized/family,0.9998,0.2122,,noise,20000.0000,dae_lam1w5_outer_seed1,dae_lam1w5_outer
r_A,normalized/family,0.9925,0.1407,,blur,20000.0000,dae_lam1w5_outer_seed1,dae_lam1w5_outer
r_A,normalized/family,0.6479,0.1885,,pixel_mask,15000.0000,dae_lam1w5_outer_seed1,dae_lam1w5_outer
r_A,normalized/family,0.8928,0.1846,,box_mask,10000.0000,dae_lam1w5_outer_seed1,dae_lam1w5_outer
dis,normalized,0.9015,0.1823,1.8716,,,dae_lam1w5_outer_seed1,dae_lam1w5_outer
dis,normalized/condition,1.0000,0.1573,,noise(sigma=0.1),5000.0000,dae_lam1w5_outer_seed1,dae_lam1w5_outer
dis,normalized/condition,1.0000,0.1777,,noise(sigma=0.2),5000.0000,dae_lam1w5_outer_seed1,dae_lam1w5_outer
dis,normalized/condition,1.0000,0.2058,,noise(sigma=0.3),5000.0000,dae_lam1w5_outer_seed1,dae_lam1w5_outer
dis,normalized/condition,1.0000,0.2740,,noise(sigma=0.5),5000.0000,dae_lam1w5_outer_seed1,dae_lam1w5_outer
dis,normalized/condition,0.9994,0.1446,,blur(std=0.5),5000.0000,dae_lam1w5_outer_seed1,dae_lam1w5_outer
dis,normalized/condition,0.9992,0.1486,,blur(std=1),5000.0000,dae_lam1w5_outer_seed1,dae_lam1w5_outer
dis,normalized/condition,0.9990,0.1642,,blur(std=1.5),5000.0000,dae_lam1w5_outer_seed1,dae_lam1w5_outer
dis,normalized/condition,0.9972,0.1799,,blur(std=2),5000.0000,dae_lam1w5_outer_seed1,dae_lam1w5_outer
dis,normalized/condition,1.0000,0.1754,,pixel_mask(drop=0.25),5000.0000,dae_lam1w5_outer_seed1,dae_lam1w5_outer
dis,normalized/condition,0.6884,0.1763,,pixel_mask(drop=0.5),5000.0000,dae_lam1w5_outer_seed1,dae_lam1w5_outer
dis,normalized/condition,0.0840,0.1538,,pixel_mask(drop=0.75),5000.0000,dae_lam1w5_outer_seed1,dae_lam1w5_outer
dis,normalized/condition,1.0000,0.1995,,box_mask(size=8),5000.0000,dae_lam1w5_outer_seed1,dae_lam1w5_outer
dis,normalized/condition,0.9520,0.2126,,box_mask(size=14),5000.0000,dae_lam1w5_outer_seed1,dae_lam1w5_outer
dis,normalized/family,1.0000,0.2037,,noise,20000.0000,dae_lam1w5_outer_seed1,dae_lam1w5_outer
dis,normalized/family,0.9987,0.1593,,blur,20000.0000,dae_lam1w5_outer_seed1,dae_lam1w5_outer
dis,normalized/family,0.5908,0.1685,,pixel_mask,15000.0000,dae_lam1w5_outer_seed1,dae_lam1w5_outer
dis,normalized/family,0.9760,0.2060,,box_mask,10000.0000,dae_lam1w5_outer_seed1,dae_lam1w5_outer
g2,normalized,0.9030,0.1761,1.8019,,,dae_lam1w5_outer_seed1,dae_lam1w5_outer
g2,normalized/condition,0.9976,0.1444,,noise(sigma=0.1),5000.0000,dae_lam1w5_outer_seed1,dae_lam1w5_outer
g2,normalized/condition,0.9988,0.1590,,noise(sigma=0.2),5000.0000,dae_lam1w5_outer_seed1,dae_lam1w5_outer
g2,normalized/condition,0.9996,0.1772,,noise(sigma=0.3),5000.0000,dae_lam1w5_outer_seed1,dae_lam1w5_outer
g2,normalized/condition,0.9966,0.2496,,noise(sigma=0.5),5000.0000,dae_lam1w5_outer_seed1,dae_lam1w5_outer
g2,normalized/condition,0.9964,0.1386,,blur(std=0.5),5000.0000,dae_lam1w5_outer_seed1,dae_lam1w5_outer
g2,normalized/condition,0.9970,0.1545,,blur(std=1),5000.0000,dae_lam1w5_outer_seed1,dae_lam1w5_outer
g2,normalized/condition,0.9958,0.1770,,blur(std=1.5),5000.0000,dae_lam1w5_outer_seed1,dae_lam1w5_outer
g2,normalized/condition,0.9944,0.1925,,blur(std=2),5000.0000,dae_lam1w5_outer_seed1,dae_lam1w5_outer
g2,normalized/condition,0.9660,0.1558,,pixel_mask(drop=0.25),5000.0000,dae_lam1w5_outer_seed1,dae_lam1w5_outer
g2,normalized/condition,0.5268,0.1655,,pixel_mask(drop=0.5),5000.0000,dae_lam1w5_outer_seed1,dae_lam1w5_outer
g2,normalized/condition,0.3254,0.1742,,pixel_mask(drop=0.75),5000.0000,dae_lam1w5_outer_seed1,dae_lam1w5_outer
g2,normalized/condition,0.9994,0.1903,,box_mask(size=8),5000.0000,dae_lam1w5_outer_seed1,dae_lam1w5_outer
g2,normalized/condition,0.9458,0.2114,,box_mask(size=14),5000.0000,dae_lam1w5_outer_seed1,dae_lam1w5_outer
g2,normalized/family,0.9981,0.1825,,noise,20000.0000,dae_lam1w5_outer_seed1,dae_lam1w5_outer
g2,normalized/family,0.9959,0.1656,,blur,20000.0000,dae_lam1w5_outer_seed1,dae_lam1w5_outer
g2,normalized/family,0.6061,0.1652,,pixel_mask,15000.0000,dae_lam1w5_outer_seed1,dae_lam1w5_outer
g2,normalized/family,0.9726,0.2009,,box_mask,10000.0000,dae_lam1w5_outer_seed1,dae_lam1w5_outer
q,normalized,0.9022,0.1884,1.9265,,,dae_lam1w5_outer_seed1,dae_lam1w5_outer
q,normalized/condition,0.9994,0.1860,,noise(sigma=0.1),5000.0000,dae_lam1w5_outer_seed1,dae_lam1w5_outer
q,normalized/condition,0.9994,0.1862,,noise(sigma=0.2),5000.0000,dae_lam1w5_outer_seed1,dae_lam1w5_outer
q,normalized/condition,0.9992,0.1871,,noise(sigma=0.3),5000.0000,dae_lam1w5_outer_seed1,dae_lam1w5_outer
q,normalized/condition,0.9430,0.2114,,noise(sigma=0.5),5000.0000,dae_lam1w5_outer_seed1,dae_lam1w5_outer
q,normalized/condition,0.9994,0.1860,,blur(std=0.5),5000.0000,dae_lam1w5_outer_seed1,dae_lam1w5_outer
q,normalized/condition,0.9994,0.1862,,blur(std=1),5000.0000,dae_lam1w5_outer_seed1,dae_lam1w5_outer
q,normalized/condition,0.9992,0.1867,,blur(std=1.5),5000.0000,dae_lam1w5_outer_seed1,dae_lam1w5_outer
q,normalized/condition,0.9970,0.1863,,blur(std=2),5000.0000,dae_lam1w5_outer_seed1,dae_lam1w5_outer
q,normalized/condition,0.9920,0.1861,,pixel_mask(drop=0.25),5000.0000,dae_lam1w5_outer_seed1,dae_lam1w5_outer
q,normalized/condition,0.6428,0.1863,,pixel_mask(drop=0.5),5000.0000,dae_lam1w5_outer_seed1,dae_lam1w5_outer
q,normalized/condition,0.3918,0.1888,,pixel_mask(drop=0.75),5000.0000,dae_lam1w5_outer_seed1,dae_lam1w5_outer
q,normalized/condition,0.9986,0.1860,,box_mask(size=8),5000.0000,dae_lam1w5_outer_seed1,dae_lam1w5_outer
q,normalized/condition,0.7676,0.1860,,box_mask(size=14),5000.0000,dae_lam1w5_outer_seed1,dae_lam1w5_outer
q,normalized/family,0.9852,0.1927,,noise,20000.0000,dae_lam1w5_outer_seed1,dae_lam1w5_outer
q,normalized/family,0.9988,0.1863,,blur,20000.0000,dae_lam1w5_outer_seed1,dae_lam1w5_outer
q,normalized/family,0.6755,0.1870,,pixel_mask,15000.0000,dae_lam1w5_outer_seed1,dae_lam1w5_outer
q,normalized/family,0.8831,0.1860,,box_mask,10000.0000,dae_lam1w5_outer_seed1,dae_lam1w5_outer
-,marginal,0.9023,0.1899,0.1899,,,dae_lam1w5_outer_seed1,dae_lam1w5_outer
-,severity,0.8997,0.1459,1.4917,,,dae_lam1w5_outer_seed1,dae_lam1w5_outer
g,normalized,0.9017,0.1701,1.8058,,,dae_lam1w5_outer_seed2,dae_lam1w5_outer
g,normalized/condition,0.9986,0.1379,,noise(sigma=0.1),5000.0000,dae_lam1w5_outer_seed2,dae_lam1w5_outer
g,normalized/condition,0.9992,0.1619,,noise(sigma=0.2),5000.0000,dae_lam1w5_outer_seed2,dae_lam1w5_outer
g,normalized/condition,0.9996,0.1825,,noise(sigma=0.3),5000.0000,dae_lam1w5_outer_seed2,dae_lam1w5_outer
g,normalized/condition,0.9996,0.2022,,noise(sigma=0.5),5000.0000,dae_lam1w5_outer_seed2,dae_lam1w5_outer
g,normalized/condition,0.9956,0.1273,,blur(std=0.5),5000.0000,dae_lam1w5_outer_seed2,dae_lam1w5_outer
g,normalized/condition,0.9956,0.1536,,blur(std=1),5000.0000,dae_lam1w5_outer_seed2,dae_lam1w5_outer
g,normalized/condition,0.9982,0.1749,,blur(std=1.5),5000.0000,dae_lam1w5_outer_seed2,dae_lam1w5_outer
g,normalized/condition,0.9976,0.1867,,blur(std=2),5000.0000,dae_lam1w5_outer_seed2,dae_lam1w5_outer
g,normalized/condition,0.9862,0.1541,,pixel_mask(drop=0.25),5000.0000,dae_lam1w5_outer_seed2,dae_lam1w5_outer
g,normalized/condition,0.5320,0.1625,,pixel_mask(drop=0.5),5000.0000,dae_lam1w5_outer_seed2,dae_lam1w5_outer
g,normalized/condition,0.2856,0.1649,,pixel_mask(drop=0.75),5000.0000,dae_lam1w5_outer_seed2,dae_lam1w5_outer
g,normalized/condition,0.9992,0.1875,,box_mask(size=8),5000.0000,dae_lam1w5_outer_seed2,dae_lam1w5_outer
g,normalized/condition,0.9348,0.2154,,box_mask(size=14),5000.0000,dae_lam1w5_outer_seed2,dae_lam1w5_outer
g,normalized/family,0.9992,0.1711,,noise,20000.0000,dae_lam1w5_outer_seed2,dae_lam1w5_outer
g,normalized/family,0.9968,0.1606,,blur,20000.0000,dae_lam1w5_outer_seed2,dae_lam1w5_outer
g,normalized/family,0.6013,0.1605,,pixel_mask,15000.0000,dae_lam1w5_outer_seed2,dae_lam1w5_outer
g,normalized/family,0.9670,0.2014,,box_mask,10000.0000,dae_lam1w5_outer_seed2,dae_lam1w5_outer
d,normalized,0.8996,0.1723,1.8277,,,dae_lam1w5_outer_seed2,dae_lam1w5_outer
d,normalized/condition,0.9998,0.1941,,noise(sigma=0.1),5000.0000,dae_lam1w5_outer_seed2,dae_lam1w5_outer
d,normalized/condition,0.9996,0.2021,,noise(sigma=0.2),5000.0000,dae_lam1w5_outer_seed2,dae_lam1w5_outer
d,normalized/condition,0.9996,0.2021,,noise(sigma=0.3),5000.0000,dae_lam1w5_outer_seed2,dae_lam1w5_outer
d,normalized/condition,1.0000,0.2026,,noise(sigma=0.5),5000.0000,dae_lam1w5_outer_seed2,dae_lam1w5_outer
d,normalized/condition,0.9998,0.1246,,blur(std=0.5),5000.0000,dae_lam1w5_outer_seed2,dae_lam1w5_outer
d,normalized/condition,0.9978,0.1319,,blur(std=1),5000.0000,dae_lam1w5_outer_seed2,dae_lam1w5_outer
d,normalized/condition,0.9932,0.1400,,blur(std=1.5),5000.0000,dae_lam1w5_outer_seed2,dae_lam1w5_outer
d,normalized/condition,0.9538,0.1432,,blur(std=2),5000.0000,dae_lam1w5_outer_seed2,dae_lam1w5_outer
d,normalized/condition,0.9988,0.1942,,pixel_mask(drop=0.25),5000.0000,dae_lam1w5_outer_seed2,dae_lam1w5_outer
d,normalized/condition,0.7304,0.1946,,pixel_mask(drop=0.5),5000.0000,dae_lam1w5_outer_seed2,dae_lam1w5_outer
d,normalized/condition,0.3576,0.1794,,pixel_mask(drop=0.75),5000.0000,dae_lam1w5_outer_seed2,dae_lam1w5_outer
d,normalized/condition,0.9992,0.1663,,box_mask(size=8),5000.0000,dae_lam1w5_outer_seed2,dae_lam1w5_outer
d,normalized/condition,0.6652,0.1646,,box_mask(size=14),5000.0000,dae_lam1w5_outer_seed2,dae_lam1w5_outer
d,normalized/family,0.9998,0.2003,,noise,20000.0000,dae_lam1w5_outer_seed2,dae_lam1w5_outer
d,normalized/family,0.9861,0.1350,,blur,20000.0000,dae_lam1w5_outer_seed2,dae_lam1w5_outer
d,normalized/family,0.6956,0.1894,,pixel_mask,15000.0000,dae_lam1w5_outer_seed2,dae_lam1w5_outer
d,normalized/family,0.8322,0.1655,,box_mask,10000.0000,dae_lam1w5_outer_seed2,dae_lam1w5_outer
r_A,normalized,0.8995,0.1774,1.8812,,,dae_lam1w5_outer_seed2,dae_lam1w5_outer
r_A,normalized/condition,0.9998,0.1990,,noise(sigma=0.1),5000.0000,dae_lam1w5_outer_seed2,dae_lam1w5_outer
r_A,normalized/condition,0.9994,0.1990,,noise(sigma=0.2),5000.0000,dae_lam1w5_outer_seed2,dae_lam1w5_outer
r_A,normalized/condition,0.9996,0.1990,,noise(sigma=0.3),5000.0000,dae_lam1w5_outer_seed2,dae_lam1w5_outer
r_A,normalized/condition,1.0000,0.1995,,noise(sigma=0.5),5000.0000,dae_lam1w5_outer_seed2,dae_lam1w5_outer
r_A,normalized/condition,0.9998,0.1605,,blur(std=0.5),5000.0000,dae_lam1w5_outer_seed2,dae_lam1w5_outer
r_A,normalized/condition,0.9980,0.1323,,blur(std=1),5000.0000,dae_lam1w5_outer_seed2,dae_lam1w5_outer
r_A,normalized/condition,0.9926,0.1370,,blur(std=1.5),5000.0000,dae_lam1w5_outer_seed2,dae_lam1w5_outer
r_A,normalized/condition,0.9856,0.1489,,blur(std=2),5000.0000,dae_lam1w5_outer_seed2,dae_lam1w5_outer
r_A,normalized/condition,0.9986,0.1947,,pixel_mask(drop=0.25),5000.0000,dae_lam1w5_outer_seed2,dae_lam1w5_outer
r_A,normalized/condition,0.7208,0.1918,,pixel_mask(drop=0.5),5000.0000,dae_lam1w5_outer_seed2,dae_lam1w5_outer
r_A,normalized/condition,0.2440,0.1727,,pixel_mask(drop=0.75),5000.0000,dae_lam1w5_outer_seed2,dae_lam1w5_outer
r_A,normalized/condition,0.9992,0.1891,,box_mask(size=8),5000.0000,dae_lam1w5_outer_seed2,dae_lam1w5_outer
r_A,normalized/condition,0.7556,0.1833,,box_mask(size=14),5000.0000,dae_lam1w5_outer_seed2,dae_lam1w5_outer
r_A,normalized/family,0.9997,0.1991,,noise,20000.0000,dae_lam1w5_outer_seed2,dae_lam1w5_outer
r_A,normalized/family,0.9940,0.1447,,blur,20000.0000,dae_lam1w5_outer_seed2,dae_lam1w5_outer
r_A,normalized/family,0.6545,0.1864,,pixel_mask,15000.0000,dae_lam1w5_outer_seed2,dae_lam1w5_outer
r_A,normalized/family,0.8774,0.1862,,box_mask,10000.0000,dae_lam1w5_outer_seed2,dae_lam1w5_outer
dis,normalized,0.9017,0.1789,1.8995,,,dae_lam1w5_outer_seed2,dae_lam1w5_outer
dis,normalized/condition,1.0000,0.1587,,noise(sigma=0.1),5000.0000,dae_lam1w5_outer_seed2,dae_lam1w5_outer
dis,normalized/condition,1.0000,0.1786,,noise(sigma=0.2),5000.0000,dae_lam1w5_outer_seed2,dae_lam1w5_outer
dis,normalized/condition,1.0000,0.2044,,noise(sigma=0.3),5000.0000,dae_lam1w5_outer_seed2,dae_lam1w5_outer
dis,normalized/condition,1.0000,0.2288,,noise(sigma=0.5),5000.0000,dae_lam1w5_outer_seed2,dae_lam1w5_outer
dis,normalized/condition,0.9994,0.1463,,blur(std=0.5),5000.0000,dae_lam1w5_outer_seed2,dae_lam1w5_outer
dis,normalized/condition,0.9992,0.1506,,blur(std=1),5000.0000,dae_lam1w5_outer_seed2,dae_lam1w5_outer
dis,normalized/condition,0.9990,0.1661,,blur(std=1.5),5000.0000,dae_lam1w5_outer_seed2,dae_lam1w5_outer
dis,normalized/condition,0.9980,0.1808,,blur(std=2),5000.0000,dae_lam1w5_outer_seed2,dae_lam1w5_outer
dis,normalized/condition,1.0000,0.1763,,pixel_mask(drop=0.25),5000.0000,dae_lam1w5_outer_seed2,dae_lam1w5_outer
dis,normalized/condition,0.7434,0.1767,,pixel_mask(drop=0.5),5000.0000,dae_lam1w5_outer_seed2,dae_lam1w5_outer
dis,normalized/condition,0.0948,0.1556,,pixel_mask(drop=0.75),5000.0000,dae_lam1w5_outer_seed2,dae_lam1w5_outer
dis,normalized/condition,0.9998,0.1957,,box_mask(size=8),5000.0000,dae_lam1w5_outer_seed2,dae_lam1w5_outer
dis,normalized/condition,0.8884,0.2065,,box_mask(size=14),5000.0000,dae_lam1w5_outer_seed2,dae_lam1w5_outer
dis,normalized/family,1.0000,0.1926,,noise,20000.0000,dae_lam1w5_outer_seed2,dae_lam1w5_outer
dis,normalized/family,0.9989,0.1609,,blur,20000.0000,dae_lam1w5_outer_seed2,dae_lam1w5_outer
dis,normalized/family,0.6127,0.1695,,pixel_mask,15000.0000,dae_lam1w5_outer_seed2,dae_lam1w5_outer
dis,normalized/family,0.9441,0.2011,,box_mask,10000.0000,dae_lam1w5_outer_seed2,dae_lam1w5_outer
g2,normalized,0.9017,0.1679,1.7808,,,dae_lam1w5_outer_seed2,dae_lam1w5_outer
g2,normalized/condition,0.9978,0.1408,,noise(sigma=0.1),5000.0000,dae_lam1w5_outer_seed2,dae_lam1w5_outer
g2,normalized/condition,0.9988,0.1534,,noise(sigma=0.2),5000.0000,dae_lam1w5_outer_seed2,dae_lam1w5_outer
g2,normalized/condition,0.9992,0.1683,,noise(sigma=0.3),5000.0000,dae_lam1w5_outer_seed2,dae_lam1w5_outer
g2,normalized/condition,0.9996,0.1904,,noise(sigma=0.5),5000.0000,dae_lam1w5_outer_seed2,dae_lam1w5_outer
g2,normalized/condition,0.9966,0.1360,,blur(std=0.5),5000.0000,dae_lam1w5_outer_seed2,dae_lam1w5_outer
g2,normalized/condition,0.9966,0.1516,,blur(std=1),5000.0000,dae_lam1w5_outer_seed2,dae_lam1w5_outer
g2,normalized/condition,0.9982,0.1696,,blur(std=1.5),5000.0000,dae_lam1w5_outer_seed2,dae_lam1w5_outer
g2,normalized/condition,0.9966,0.1810,,blur(std=2),5000.0000,dae_lam1w5_outer_seed2,dae_lam1w5_outer
g2,normalized/condition,0.9650,0.1513,,pixel_mask(drop=0.25),5000.0000,dae_lam1w5_outer_seed2,dae_lam1w5_outer
g2,normalized/condition,0.5172,0.1611,,pixel_mask(drop=0.5),5000.0000,dae_lam1w5_outer_seed2,dae_lam1w5_outer
g2,normalized/condition,0.3112,0.1660,,pixel_mask(drop=0.75),5000.0000,dae_lam1w5_outer_seed2,dae_lam1w5_outer
g2,normalized/condition,0.9990,0.1914,,box_mask(size=8),5000.0000,dae_lam1w5_outer_seed2,dae_lam1w5_outer
g2,normalized/condition,0.9464,0.2216,,box_mask(size=14),5000.0000,dae_lam1w5_outer_seed2,dae_lam1w5_outer
g2,normalized/family,0.9989,0.1632,,noise,20000.0000,dae_lam1w5_outer_seed2,dae_lam1w5_outer
g2,normalized/family,0.9970,0.1595,,blur,20000.0000,dae_lam1w5_outer_seed2,dae_lam1w5_outer
g2,normalized/family,0.5978,0.1594,,pixel_mask,15000.0000,dae_lam1w5_outer_seed2,dae_lam1w5_outer
g2,normalized/family,0.9727,0.2065,,box_mask,10000.0000,dae_lam1w5_outer_seed2,dae_lam1w5_outer
q,normalized,0.9017,0.1804,1.9079,,,dae_lam1w5_outer_seed2,dae_lam1w5_outer
q,normalized/condition,0.9990,0.1831,,noise(sigma=0.1),5000.0000,dae_lam1w5_outer_seed2,dae_lam1w5_outer
q,normalized/condition,0.9992,0.1804,,noise(sigma=0.2),5000.0000,dae_lam1w5_outer_seed2,dae_lam1w5_outer
q,normalized/condition,0.9982,0.1764,,noise(sigma=0.3),5000.0000,dae_lam1w5_outer_seed2,dae_lam1w5_outer
q,normalized/condition,0.9968,0.1677,,noise(sigma=0.5),5000.0000,dae_lam1w5_outer_seed2,dae_lam1w5_outer
q,normalized/condition,0.9988,0.1840,,blur(std=0.5),5000.0000,dae_lam1w5_outer_seed2,dae_lam1w5_outer
q,normalized/condition,0.9988,0.1816,,blur(std=1),5000.0000,dae_lam1w5_outer_seed2,dae_lam1w5_outer
q,normalized/condition,0.9986,0.1794,,blur(std=1.5),5000.0000,dae_lam1w5_outer_seed2,dae_lam1w5_outer
q,normalized/condition,0.9960,0.1795,,blur(std=2),5000.0000,dae_lam1w5_outer_seed2,dae_lam1w5_outer
q,normalized/condition,0.9902,0.1818,,pixel_mask(drop=0.25),5000.0000,dae_lam1w5_outer_seed2,dae_lam1w5_outer
q,normalized/condition,0.6448,0.1818,,pixel_mask(drop=0.5),5000.0000,dae_lam1w5_outer_seed2,dae_lam1w5_outer
q,normalized/condition,0.3874,0.1820,,pixel_mask(drop=0.75),5000.0000,dae_lam1w5_outer_seed2,dae_lam1w5_outer
q,normalized/condition,0.9970,0.1834,,box_mask(size=8),5000.0000,dae_lam1w5_outer_seed2,dae_lam1w5_outer
q,normalized/condition,0.7170,0.1838,,box_mask(size=14),5000.0000,dae_lam1w5_outer_seed2,dae_lam1w5_outer
q,normalized/family,0.9983,0.1769,,noise,20000.0000,dae_lam1w5_outer_seed2,dae_lam1w5_outer
q,normalized/family,0.9980,0.1811,,blur,20000.0000,dae_lam1w5_outer_seed2,dae_lam1w5_outer
q,normalized/family,0.6741,0.1818,,pixel_mask,15000.0000,dae_lam1w5_outer_seed2,dae_lam1w5_outer
q,normalized/family,0.8570,0.1836,,box_mask,10000.0000,dae_lam1w5_outer_seed2,dae_lam1w5_outer
-,marginal,0.9020,0.1823,0.1823,,,dae_lam1w5_outer_seed2,dae_lam1w5_outer
-,severity,0.8988,0.1396,1.4768,,,dae_lam1w5_outer_seed2,dae_lam1w5_outer
g,normalized,0.9022,0.1745,1.8564,,,dae_lam1w5_seed0,dae_lam1w5
g,normalized/condition,0.9974,0.1454,,noise(sigma=0.1),5000.0000,dae_lam1w5_seed0,dae_lam1w5
g,normalized/condition,0.9986,0.1626,,noise(sigma=0.2),5000.0000,dae_lam1w5_seed0,dae_lam1w5
g,normalized/condition,0.9992,0.1820,,noise(sigma=0.3),5000.0000,dae_lam1w5_seed0,dae_lam1w5
g,normalized/condition,0.9996,0.2056,,noise(sigma=0.5),5000.0000,dae_lam1w5_seed0,dae_lam1w5
g,normalized/condition,0.9946,0.1366,,blur(std=0.5),5000.0000,dae_lam1w5_seed0,dae_lam1w5
g,normalized/condition,0.9952,0.1583,,blur(std=1),5000.0000,dae_lam1w5_seed0,dae_lam1w5
g,normalized/condition,0.9976,0.1791,,blur(std=1.5),5000.0000,dae_lam1w5_seed0,dae_lam1w5
g,normalized/condition,0.9986,0.1924,,blur(std=2),5000.0000,dae_lam1w5_seed0,dae_lam1w5
g,normalized/condition,0.9774,0.1556,,pixel_mask(drop=0.25),5000.0000,dae_lam1w5_seed0,dae_lam1w5
g,normalized/condition,0.5472,0.1651,,pixel_mask(drop=0.5),5000.0000,dae_lam1w5_seed0,dae_lam1w5
g,normalized/condition,0.2680,0.1680,,pixel_mask(drop=0.75),5000.0000,dae_lam1w5_seed0,dae_lam1w5
g,normalized/condition,0.9994,0.1996,,box_mask(size=8),5000.0000,dae_lam1w5_seed0,dae_lam1w5
g,normalized/condition,0.9556,0.2183,,box_mask(size=14),5000.0000,dae_lam1w5_seed0,dae_lam1w5
g,normalized/family,0.9987,0.1739,,noise,20000.0000,dae_lam1w5_seed0,dae_lam1w5
g,normalized/family,0.9965,0.1666,,blur,20000.0000,dae_lam1w5_seed0,dae_lam1w5
g,normalized/family,0.5975,0.1629,,pixel_mask,15000.0000,dae_lam1w5_seed0,dae_lam1w5
g,normalized/family,0.9775,0.2089,,box_mask,10000.0000,dae_lam1w5_seed0,dae_lam1w5
d,normalized,0.9000,0.1754,1.8671,,,dae_lam1w5_seed0,dae_lam1w5
d,normalized/condition,0.9998,0.1968,,noise(sigma=0.1),5000.0000,dae_lam1w5_seed0,dae_lam1w5
d,normalized/condition,0.9998,0.2041,,noise(sigma=0.2),5000.0000,dae_lam1w5_seed0,dae_lam1w5
d,normalized/condition,0.9996,0.2041,,noise(sigma=0.3),5000.0000,dae_lam1w5_seed0,dae_lam1w5
d,normalized/condition,1.0000,0.2044,,noise(sigma=0.5),5000.0000,dae_lam1w5_seed0,dae_lam1w5
d,normalized/condition,0.9998,0.1268,,blur(std=0.5),5000.0000,dae_lam1w5_seed0,dae_lam1w5
d,normalized/condition,0.9974,0.1406,,blur(std=1),5000.0000,dae_lam1w5_seed0,dae_lam1w5
d,normalized/condition,0.9930,0.1496,,blur(std=1.5),5000.0000,dae_lam1w5_seed0,dae_lam1w5
d,normalized/condition,0.9786,0.1520,,blur(std=2),5000.0000,dae_lam1w5_seed0,dae_lam1w5
d,normalized/condition,0.9974,0.1958,,pixel_mask(drop=0.25),5000.0000,dae_lam1w5_seed0,dae_lam1w5
d,normalized/condition,0.7142,0.1962,,pixel_mask(drop=0.5),5000.0000,dae_lam1w5_seed0,dae_lam1w5
d,normalized/condition,0.3412,0.1798,,pixel_mask(drop=0.75),5000.0000,dae_lam1w5_seed0,dae_lam1w5
d,normalized/condition,0.9994,0.1667,,box_mask(size=8),5000.0000,dae_lam1w5_seed0,dae_lam1w5
d,normalized/condition,0.6796,0.1630,,box_mask(size=14),5000.0000,dae_lam1w5_seed0,dae_lam1w5
d,normalized/family,0.9998,0.2024,,noise,20000.0000,dae_lam1w5_seed0,dae_lam1w5
d,normalized/family,0.9922,0.1423,,blur,20000.0000,dae_lam1w5_seed0,dae_lam1w5
d,normalized/family,0.6843,0.1906,,pixel_mask,15000.0000,dae_lam1w5_seed0,dae_lam1w5
d,normalized/family,0.8395,0.1648,,box_mask,10000.0000,dae_lam1w5_seed0,dae_lam1w5
r_A,normalized,0.9004,0.1804,1.9200,,,dae_lam1w5_seed0,dae_lam1w5
r_A,normalized/condition,0.9998,0.2025,,noise(sigma=0.1),5000.0000,dae_lam1w5_seed0,dae_lam1w5
r_A,normalized/condition,0.9998,0.2025,,noise(sigma=0.2),5000.0000,dae_lam1w5_seed0,dae_lam1w5
r_A,normalized/condition,0.9996,0.2025,,noise(sigma=0.3),5000.0000,dae_lam1w5_seed0,dae_lam1w5
r_A,normalized/condition,1.0000,0.2028,,noise(sigma=0.5),5000.0000,dae_lam1w5_seed0,dae_lam1w5
r_A,normalized/condition,0.9998,0.1606,,blur(std=0.5),5000.0000,dae_lam1w5_seed0,dae_lam1w5
r_A,normalized/condition,0.9984,0.1340,,blur(std=1),5000.0000,dae_lam1w5_seed0,dae_lam1w5
r_A,normalized/condition,0.9942,0.1428,,blur(std=1.5),5000.0000,dae_lam1w5_seed0,dae_lam1w5
r_A,normalized/condition,0.9904,0.1581,,blur(std=2),5000.0000,dae_lam1w5_seed0,dae_lam1w5
r_A,normalized/condition,0.9974,0.1974,,pixel_mask(drop=0.25),5000.0000,dae_lam1w5_seed0,dae_lam1w5
r_A,normalized/condition,0.7082,0.1945,,pixel_mask(drop=0.5),5000.0000,dae_lam1w5_seed0,dae_lam1w5
r_A,normalized/condition,0.2326,0.1746,,pixel_mask(drop=0.75),5000.0000,dae_lam1w5_seed0,dae_lam1w5
r_A,normalized/condition,0.9992,0.1906,,box_mask(size=8),5000.0000,dae_lam1w5_seed0,dae_lam1w5
r_A,normalized/condition,0.7854,0.1828,,box_mask(size=14),5000.0000,dae_lam1w5_seed0,dae_lam1w5
r_A,normalized/family,0.9998,0.2026,,noise,20000.0000,dae_lam1w5_seed0,dae_lam1w5
r_A,normalized/family,0.9957,0.1489,,blur,20000.0000,dae_lam1w5_seed0,dae_lam1w5
r_A,normalized/family,0.6461,0.1888,,pixel_mask,15000.0000,dae_lam1w5_seed0,dae_lam1w5
r_A,normalized/family,0.8923,0.1867,,box_mask,10000.0000,dae_lam1w5_seed0,dae_lam1w5
dis,normalized,0.9026,0.1851,1.9696,,,dae_lam1w5_seed0,dae_lam1w5
dis,normalized/condition,1.0000,0.1646,,noise(sigma=0.1),5000.0000,dae_lam1w5_seed0,dae_lam1w5
dis,normalized/condition,0.9998,0.1787,,noise(sigma=0.2),5000.0000,dae_lam1w5_seed0,dae_lam1w5
dis,normalized/condition,1.0000,0.1992,,noise(sigma=0.3),5000.0000,dae_lam1w5_seed0,dae_lam1w5
dis,normalized/condition,1.0000,0.2249,,noise(sigma=0.5),5000.0000,dae_lam1w5_seed0,dae_lam1w5
dis,normalized/condition,0.9996,0.1570,,blur(std=0.5),5000.0000,dae_lam1w5_seed0,dae_lam1w5
dis,normalized/condition,0.9996,0.1677,,blur(std=1),5000.0000,dae_lam1w5_seed0,dae_lam1w5
dis,normalized/condition,0.9996,0.1873,,blur(std=1.5),5000.0000,dae_lam1w5_seed0,dae_lam1w5
dis,normalized/condition,0.9994,0.1979,,blur(std=2),5000.0000,dae_lam1w5_seed0,dae_lam1w5
dis,normalized/condition,0.9990,0.1768,,pixel_mask(drop=0.25),5000.0000,dae_lam1w5_seed0,dae_lam1w5
dis,normalized/condition,0.6584,0.1777,,pixel_mask(drop=0.5),5000.0000,dae_lam1w5_seed0,dae_lam1w5
dis,normalized/condition,0.1642,0.1639,,pixel_mask(drop=0.75),5000.0000,dae_lam1w5_seed0,dae_lam1w5
dis,normalized/condition,0.9998,0.1996,,box_mask(size=8),5000.0000,dae_lam1w5_seed0,dae_lam1w5
dis,normalized/condition,0.9146,0.2116,,box_mask(size=14),5000.0000,dae_lam1w5_seed0,dae_lam1w5
dis,normalized/family,1.0000,0.1919,,noise,20000.0000,dae_lam1w5_seed0,dae_lam1w5
dis,normalized/family,0.9996,0.1775,,blur,20000.0000,dae_lam1w5_seed0,dae_lam1w5
dis,normalized/family,0.6072,0.1728,,pixel_mask,15000.0000,dae_lam1w5_seed0,dae_lam1w5
dis,normalized/family,0.9572,0.2056,,box_mask,10000.0000,dae_lam1w5_seed0,dae_lam1w5
g2,normalized,0.9017,0.1716,1.8258,,,dae_lam1w5_seed0,dae_lam1w5
g2,normalized/condition,0.9970,0.1539,,noise(sigma=0.1),5000.0000,dae_lam1w5_seed0,dae_lam1w5
g2,normalized/condition,0.9986,0.1609,,noise(sigma=0.2),5000.0000,dae_lam1w5_seed0,dae_lam1w5
g2,normalized/condition,0.9988,0.1701,,noise(sigma=0.3),5000.0000,dae_lam1w5_seed0,dae_lam1w5
g2,normalized/condition,0.9990,0.1868,,noise(sigma=0.5),5000.0000,dae_lam1w5_seed0,dae_lam1w5
g2,normalized/condition,0.9966,0.1498,,blur(std=0.5),5000.0000,dae_lam1w5_seed0,dae_lam1w5
g2,normalized/condition,0.9972,0.1584,,blur(std=1),5000.0000,dae_lam1w5_seed0,dae_lam1w5
g2,normalized/condition,0.9960,0.1695,,blur(std=1.5),5000.0000,dae_lam1w5_seed0,dae_lam1w5
g2,normalized/condition,0.9956,0.1790,,blur(std=2),5000.0000,dae_lam1w5_seed0,dae_lam1w5
g2,normalized/condition,0.9578,0.1536,,pixel_mask(drop=0.25),5000.0000,dae_lam1w5_seed0,dae_lam1w5
g2,normalized/condition,0.5218,0.1596,,pixel_mask(drop=0.5),5000.0000,dae_lam1w5_seed0,dae_lam1w5
g2,normalized/condition,0.3036,0.1675,,pixel_mask(drop=0.75),5000.0000,dae_lam1w5_seed0,dae_lam1w5
g2,normalized/condition,0.9990,0.1997,,box_mask(size=8),5000.0000,dae_lam1w5_seed0,dae_lam1w5
g2,normalized/condition,0.9610,0.2221,,box_mask(size=14),5000.0000,dae_lam1w5_seed0,dae_lam1w5
g2,normalized/family,0.9983,0.1679,,noise,20000.0000,dae_lam1w5_seed0,dae_lam1w5
g2,normalized/family,0.9963,0.1642,,blur,20000.0000,dae_lam1w5_seed0,dae_lam1w5
g2,normalized/family,0.5944,0.1602,,pixel_mask,15000.0000,dae_lam1w5_seed0,dae_lam1w5
g2,normalized/family,0.9800,0.2109,,box_mask,10000.0000,dae_lam1w5_seed0,dae_lam1w5
q,normalized,0.9017,0.1865,1.9784,,,dae_lam1w5_seed0,dae_lam1w5
q,normalized/condition,0.9996,0.1823,,noise(sigma=0.1),5000.0000,dae_lam1w5_seed0,dae_lam1w5
q,normalized/condition,0.9996,0.1864,,noise(sigma=0.2),5000.0000,dae_lam1w5_seed0,dae_lam1w5
q,normalized/condition,0.9996,0.1903,,noise(sigma=0.3),5000.0000,dae_lam1w5_seed0,dae_lam1w5
q,normalized/condition,0.9992,0.1960,,noise(sigma=0.5),5000.0000,dae_lam1w5_seed0,dae_lam1w5
q,normalized/condition,0.9994,0.1801,,blur(std=0.5),5000.0000,dae_lam1w5_seed0,dae_lam1w5
q,normalized/condition,0.9994,0.1856,,blur(std=1),5000.0000,dae_lam1w5_seed0,dae_lam1w5
q,normalized/condition,0.9992,0.1902,,blur(std=1.5),5000.0000,dae_lam1w5_seed0,dae_lam1w5
q,normalized/condition,0.9972,0.1926,,blur(std=2),5000.0000,dae_lam1w5_seed0,dae_lam1w5
q,normalized/condition,0.9940,0.1877,,pixel_mask(drop=0.25),5000.0000,dae_lam1w5_seed0,dae_lam1w5
q,normalized/condition,0.6562,0.1885,,pixel_mask(drop=0.5),5000.0000,dae_lam1w5_seed0,dae_lam1w5
q,normalized/condition,0.3706,0.1842,,pixel_mask(drop=0.75),5000.0000,dae_lam1w5_seed0,dae_lam1w5
q,normalized/condition,0.9980,0.1824,,box_mask(size=8),5000.0000,dae_lam1w5_seed0,dae_lam1w5
q,normalized/condition,0.7106,0.1786,,box_mask(size=14),5000.0000,dae_lam1w5_seed0,dae_lam1w5
q,normalized/family,0.9995,0.1887,,noise,20000.0000,dae_lam1w5_seed0,dae_lam1w5
q,normalized/family,0.9988,0.1871,,blur,20000.0000,dae_lam1w5_seed0,dae_lam1w5
q,normalized/family,0.6736,0.1868,,pixel_mask,15000.0000,dae_lam1w5_seed0,dae_lam1w5
q,normalized/family,0.8543,0.1805,,box_mask,10000.0000,dae_lam1w5_seed0,dae_lam1w5
-,marginal,0.9027,0.1838,0.1838,,,dae_lam1w5_seed0,dae_lam1w5
-,severity,0.8976,0.1404,1.4896,,,dae_lam1w5_seed0,dae_lam1w5
g,normalized,0.9026,0.1794,1.8705,,,dae_lam1w5_seed1,dae_lam1w5
g,normalized/condition,0.9984,0.1537,,noise(sigma=0.1),5000.0000,dae_lam1w5_seed1,dae_lam1w5
g,normalized/condition,0.9990,0.1694,,noise(sigma=0.2),5000.0000,dae_lam1w5_seed1,dae_lam1w5
g,normalized/condition,0.9994,0.1873,,noise(sigma=0.3),5000.0000,dae_lam1w5_seed1,dae_lam1w5
g,normalized/condition,0.9996,0.2257,,noise(sigma=0.5),5000.0000,dae_lam1w5_seed1,dae_lam1w5
g,normalized/condition,0.9966,0.1454,,blur(std=0.5),5000.0000,dae_lam1w5_seed1,dae_lam1w5
g,normalized/condition,0.9980,0.1649,,blur(std=1),5000.0000,dae_lam1w5_seed1,dae_lam1w5
g,normalized/condition,0.9990,0.1846,,blur(std=1.5),5000.0000,dae_lam1w5_seed1,dae_lam1w5
g,normalized/condition,0.9994,0.1947,,blur(std=2),5000.0000,dae_lam1w5_seed1,dae_lam1w5
g,normalized/condition,0.9834,0.1635,,pixel_mask(drop=0.25),5000.0000,dae_lam1w5_seed1,dae_lam1w5
g,normalized/condition,0.5632,0.1706,,pixel_mask(drop=0.5),5000.0000,dae_lam1w5_seed1,dae_lam1w5
g,normalized/condition,0.2846,0.1726,,pixel_mask(drop=0.75),5000.0000,dae_lam1w5_seed1,dae_lam1w5
g,normalized/condition,0.9994,0.1923,,box_mask(size=8),5000.0000,dae_lam1w5_seed1,dae_lam1w5
g,normalized/condition,0.9138,0.2078,,box_mask(size=14),5000.0000,dae_lam1w5_seed1,dae_lam1w5
g,normalized/family,0.9991,0.1840,,noise,20000.0000,dae_lam1w5_seed1,dae_lam1w5
g,normalized/family,0.9982,0.1724,,blur,20000.0000,dae_lam1w5_seed1,dae_lam1w5
g,normalized/family,0.6104,0.1689,,pixel_mask,15000.0000,dae_lam1w5_seed1,dae_lam1w5
g,normalized/family,0.9566,0.2000,,box_mask,10000.0000,dae_lam1w5_seed1,dae_lam1w5
d,normalized,0.9004,0.1793,1.8736,,,dae_lam1w5_seed1,dae_lam1w5
d,normalized/condition,1.0000,0.1999,,noise(sigma=0.1),5000.0000,dae_lam1w5_seed1,dae_lam1w5
d,normalized/condition,0.9998,0.2162,,noise(sigma=0.2),5000.0000,dae_lam1w5_seed1,dae_lam1w5
d,normalized/condition,0.9998,0.2162,,noise(sigma=0.3),5000.0000,dae_lam1w5_seed1,dae_lam1w5
d,normalized/condition,1.0000,0.2207,,noise(sigma=0.5),5000.0000,dae_lam1w5_seed1,dae_lam1w5
d,normalized/condition,1.0000,0.1243,,blur(std=0.5),5000.0000,dae_lam1w5_seed1,dae_lam1w5
d,normalized/condition,0.9974,0.1354,,blur(std=1),5000.0000,dae_lam1w5_seed1,dae_lam1w5
d,normalized/condition,0.9922,0.1482,,blur(std=1.5),5000.0000,dae_lam1w5_seed1,dae_lam1w5
d,normalized/condition,0.9844,0.1537,,blur(std=2),5000.0000,dae_lam1w5_seed1,dae_lam1w5
d,normalized/condition,0.9988,0.2014,,pixel_mask(drop=0.25),5000.0000,dae_lam1w5_seed1,dae_lam1w5
d,normalized/condition,0.7514,0.2030,,pixel_mask(drop=0.5),5000.0000,dae_lam1w5_seed1,dae_lam1w5
d,normalized/condition,0.2868,0.1816,,pixel_mask(drop=0.75),5000.0000,dae_lam1w5_seed1,dae_lam1w5
d,normalized/condition,0.9998,0.1659,,box_mask(size=8),5000.0000,dae_lam1w5_seed1,dae_lam1w5
d,normalized/condition,0.6946,0.1647,,box_mask(size=14),5000.0000,dae_lam1w5_seed1,dae_lam1w5
d,normalized/family,0.9999,0.2132,,noise,20000.0000,dae_lam1w5_seed1,dae_lam1w5
d,normalized/family,0.9935,0.1404,,blur,20000.0000,dae_lam1w5_seed1,dae_lam1w5
d,normalized/family,0.6790,0.1953,,pixel_mask,15000.0000,dae_lam1w5_seed1,dae_lam1w5
d,normalized/family,0.8472,0.1653,,box_mask,10000.0000,dae_lam1w5_seed1,dae_lam1w5
r_A,normalized,0.8998,0.1815,1.8945,,,dae_lam1w5_seed1,dae_lam1w5
r_A,normalized/condition,0.9998,0.2065,,noise(sigma=0.1),5000.0000,dae_lam1w5_seed1,dae_lam1w5
r_A,normalized/condition,0.9998,0.2065,,noise(sigma=0.2),5000.0000,dae_lam1w5_seed1,dae_lam1w5
r_A,normalized/condition,0.9998,0.2065,,noise(sigma=0.3),5000.0000,dae_lam1w5_seed1,dae_lam1w5
r_A,normalized/condition,1.0000,0.2122,,noise(sigma=0.5),5000.0000,dae_lam1w5_seed1,dae_lam1w5
r_A,normalized/condition,0.9998,0.1640,,blur(std=0.5),5000.0000,dae_lam1w5_seed1,dae_lam1w5
r_A,normalized/condition,0.9980,0.1315,,blur(std=1),5000.0000,dae_lam1w5_seed1,dae_lam1w5
r_A,normalized/condition,0.9932,0.1333,,blur(std=1.5),5000.0000,dae_lam1w5_seed1,dae_lam1w5
r_A,normalized/condition,0.9848,0.1457,,blur(std=2),5000.0000,dae_lam1w5_seed1,dae_lam1w5
r_A,normalized/condition,0.9962,0.2003,,pixel_mask(drop=0.25),5000.0000,dae_lam1w5_seed1,dae_lam1w5
r_A,normalized/condition,0.7106,0.1973,,pixel_mask(drop=0.5),5000.0000,dae_lam1w5_seed1,dae_lam1w5
r_A,normalized/condition,0.2140,0.1757,,pixel_mask(drop=0.75),5000.0000,dae_lam1w5_seed1,dae_lam1w5
r_A,normalized/condition,0.9994,0.1935,,box_mask(size=8),5000.0000,dae_lam1w5_seed1,dae_lam1w5
r_A,normalized/condition,0.8020,0.1860,,box_mask(size=14),5000.0000,dae_lam1w5_seed1,dae_lam1w5
r_A,normalized/family,0.9999,0.2080,,noise,20000.0000,dae_lam1w5_seed1,dae_lam1w5
r_A,normalized/family,0.9940,0.1436,,blur,20000.0000,dae_lam1w5_seed1,dae_lam1w5
r_A,normalized/family,0.6403,0.1911,,pixel_mask,15000.0000,dae_lam1w5_seed1,dae_lam1w5
r_A,normalized/family,0.9007,0.1898,,box_mask,10000.0000,dae_lam1w5_seed1,dae_lam1w5
dis,normalized,0.9019,0.1853,1.9339,,,dae_lam1w5_seed1,dae_lam1w5
dis,normalized/condition,0.9998,0.1632,,noise(sigma=0.1),5000.0000,dae_lam1w5_seed1,dae_lam1w5
dis,normalized/condition,0.9996,0.1769,,noise(sigma=0.2),5000.0000,dae_lam1w5_seed1,dae_lam1w5
dis,normalized/condition,0.9998,0.1970,,noise(sigma=0.3),5000.0000,dae_lam1w5_seed1,dae_lam1w5
dis,normalized/condition,0.9998,0.2400,,noise(sigma=0.5),5000.0000,dae_lam1w5_seed1,dae_lam1w5
dis,normalized/condition,0.9996,0.1556,,blur(std=0.5),5000.0000,dae_lam1w5_seed1,dae_lam1w5
dis,normalized/condition,0.9996,0.1660,,blur(std=1),5000.0000,dae_lam1w5_seed1,dae_lam1w5
dis,normalized/condition,0.9996,0.1850,,blur(std=1.5),5000.0000,dae_lam1w5_seed1,dae_lam1w5
dis,normalized/condition,0.9994,0.1955,,blur(std=2),5000.0000,dae_lam1w5_seed1,dae_lam1w5
dis,normalized/condition,0.9986,0.1749,,pixel_mask(drop=0.25),5000.0000,dae_lam1w5_seed1,dae_lam1w5
dis,normalized/condition,0.6200,0.1757,,pixel_mask(drop=0.5),5000.0000,dae_lam1w5_seed1,dae_lam1w5
dis,normalized/condition,0.1514,0.1623,,pixel_mask(drop=0.75),5000.0000,dae_lam1w5_seed1,dae_lam1w5
dis,normalized/condition,0.9998,0.2005,,box_mask(size=8),5000.0000,dae_lam1w5_seed1,dae_lam1w5
dis,normalized/condition,0.9574,0.2160,,box_mask(size=14),5000.0000,dae_lam1w5_seed1,dae_lam1w5
dis,normalized/family,0.9998,0.1943,,noise,20000.0000,dae_lam1w5_seed1,dae_lam1w5
dis,normalized/family,0.9996,0.1755,,blur,20000.0000,dae_lam1w5_seed1,dae_lam1w5
dis,normalized/family,0.5900,0.1709,,pixel_mask,15000.0000,dae_lam1w5_seed1,dae_lam1w5
dis,normalized/family,0.9786,0.2082,,box_mask,10000.0000,dae_lam1w5_seed1,dae_lam1w5
g2,normalized,0.9025,0.1743,1.8169,,,dae_lam1w5_seed1,dae_lam1w5
g2,normalized/condition,0.9976,0.1556,,noise(sigma=0.1),5000.0000,dae_lam1w5_seed1,dae_lam1w5
g2,normalized/condition,0.9980,0.1630,,noise(sigma=0.2),5000.0000,dae_lam1w5_seed1,dae_lam1w5
g2,normalized/condition,0.9990,0.1733,,noise(sigma=0.3),5000.0000,dae_lam1w5_seed1,dae_lam1w5
g2,normalized/condition,0.9988,0.2079,,noise(sigma=0.5),5000.0000,dae_lam1w5_seed1,dae_lam1w5
g2,normalized/condition,0.9972,0.1516,,blur(std=0.5),5000.0000,dae_lam1w5_seed1,dae_lam1w5
g2,normalized/condition,0.9980,0.1580,,blur(std=1),5000.0000,dae_lam1w5_seed1,dae_lam1w5
g2,normalized/condition,0.9982,0.1698,,blur(std=1.5),5000.0000,dae_lam1w5_seed1,dae_lam1w5
g2,normalized/condition,0.9978,0.1803,,blur(std=2),5000.0000,dae_lam1w5_seed1,dae_lam1w5
g2,normalized/condition,0.9652,0.1574,,pixel_mask(drop=0.25),5000.0000,dae_lam1w5_seed1,dae_lam1w5
g2,normalized/condition,0.5168,0.1634,,pixel_mask(drop=0.5),5000.0000,dae_lam1w5_seed1,dae_lam1w5
g2,normalized/condition,0.3168,0.1710,,pixel_mask(drop=0.75),5000.0000,dae_lam1w5_seed1,dae_lam1w5
g2,normalized/condition,0.9992,0.1959,,box_mask(size=8),5000.0000,dae_lam1w5_seed1,dae_lam1w5
g2,normalized/condition,0.9502,0.2185,,box_mask(size=14),5000.0000,dae_lam1w5_seed1,dae_lam1w5
g2,normalized/family,0.9983,0.1749,,noise,20000.0000,dae_lam1w5_seed1,dae_lam1w5
g2,normalized/family,0.9978,0.1649,,blur,20000.0000,dae_lam1w5_seed1,dae_lam1w5
g2,normalized/family,0.5996,0.1639,,pixel_mask,15000.0000,dae_lam1w5_seed1,dae_lam1w5
g2,normalized/family,0.9747,0.2072,,box_mask,10000.0000,dae_lam1w5_seed1,dae_lam1w5
q,normalized,0.9025,0.1858,1.9340,,,dae_lam1w5_seed1,dae_lam1w5
q,normalized/condition,0.9994,0.1854,,noise(sigma=0.1),5000.0000,dae_lam1w5_seed1,dae_lam1w5
q,normalized/condition,0.9994,0.1859,,noise(sigma=0.2),5000.0000,dae_lam1w5_seed1,dae_lam1w5
q,normalized/condition,0.9992,0.1862,,noise(sigma=0.3),5000.0000,dae_lam1w5_seed1,dae_lam1w5
q,normalized/condition,0.9890,0.1866,,noise(sigma=0.5),5000.0000,dae_lam1w5_seed1,dae_lam1w5
q,normalized/condition,0.9994,0.1851,,blur(std=0.5),5000.0000,dae_lam1w5_seed1,dae_lam1w5
q,normalized/condition,0.9994,0.1858,,blur(std=1),5000.0000,dae_lam1w5_seed1,dae_lam1w5
q,normalized/condition,0.9992,0.1862,,blur(std=1.5),5000.0000,dae_lam1w5_seed1,dae_lam1w5
q,normalized/condition,0.9980,0.1864,,blur(std=2),5000.0000,dae_lam1w5_seed1,dae_lam1w5
q,normalized/condition,0.9896,0.1858,,pixel_mask(drop=0.25),5000.0000,dae_lam1w5_seed1,dae_lam1w5
q,normalized/condition,0.6328,0.1858,,pixel_mask(drop=0.5),5000.0000,dae_lam1w5_seed1,dae_lam1w5
q,normalized/condition,0.3804,0.1853,,pixel_mask(drop=0.75),5000.0000,dae_lam1w5_seed1,dae_lam1w5
q,normalized/condition,0.9980,0.1854,,box_mask(size=8),5000.0000,dae_lam1w5_seed1,dae_lam1w5
q,normalized/condition,0.7486,0.1850,,box_mask(size=14),5000.0000,dae_lam1w5_seed1,dae_lam1w5
q,normalized/family,0.9968,0.1860,,noise,20000.0000,dae_lam1w5_seed1,dae_lam1w5
q,normalized/family,0.9990,0.1859,,blur,20000.0000,dae_lam1w5_seed1,dae_lam1w5
q,normalized/family,0.6676,0.1856,,pixel_mask,15000.0000,dae_lam1w5_seed1,dae_lam1w5
q,normalized/family,0.8733,0.1852,,box_mask,10000.0000,dae_lam1w5_seed1,dae_lam1w5
-,marginal,0.9026,0.1853,0.1853,,,dae_lam1w5_seed1,dae_lam1w5
-,severity,0.8993,0.1433,1.4914,,,dae_lam1w5_seed1,dae_lam1w5
g,normalized,0.9028,0.1707,1.7934,,,dae_lam1w5_seed2,dae_lam1w5
g,normalized/condition,0.9972,0.1413,,noise(sigma=0.1),5000.0000,dae_lam1w5_seed2,dae_lam1w5
g,normalized/condition,0.9976,0.1546,,noise(sigma=0.2),5000.0000,dae_lam1w5_seed2,dae_lam1w5
g,normalized/condition,0.9994,0.1731,,noise(sigma=0.3),5000.0000,dae_lam1w5_seed2,dae_lam1w5
g,normalized/condition,0.9994,0.1990,,noise(sigma=0.5),5000.0000,dae_lam1w5_seed2,dae_lam1w5
g,normalized/condition,0.9952,0.1353,,blur(std=0.5),5000.0000,dae_lam1w5_seed2,dae_lam1w5
g,normalized/condition,0.9958,0.1482,,blur(std=1),5000.0000,dae_lam1w5_seed2,dae_lam1w5
g,normalized/condition,0.9970,0.1678,,blur(std=1.5),5000.0000,dae_lam1w5_seed2,dae_lam1w5
g,normalized/condition,0.9982,0.1816,,blur(std=2),5000.0000,dae_lam1w5_seed2,dae_lam1w5
g,normalized/condition,0.9568,0.1540,,pixel_mask(drop=0.25),5000.0000,dae_lam1w5_seed2,dae_lam1w5
g,normalized/condition,0.5430,0.1661,,pixel_mask(drop=0.5),5000.0000,dae_lam1w5_seed2,dae_lam1w5
g,normalized/condition,0.2972,0.1692,,pixel_mask(drop=0.75),5000.0000,dae_lam1w5_seed2,dae_lam1w5
g,normalized/condition,0.9994,0.2026,,box_mask(size=8),5000.0000,dae_lam1w5_seed2,dae_lam1w5
g,normalized/condition,0.9608,0.2263,,box_mask(size=14),5000.0000,dae_lam1w5_seed2,dae_lam1w5
g,normalized/family,0.9984,0.1670,,noise,20000.0000,dae_lam1w5_seed2,dae_lam1w5
g,normalized/family,0.9966,0.1583,,blur,20000.0000,dae_lam1w5_seed2,dae_lam1w5
g,normalized/family,0.5990,0.1631,,pixel_mask,15000.0000,dae_lam1w5_seed2,dae_lam1w5
g,normalized/family,0.9801,0.2145,,box_mask,10000.0000,dae_lam1w5_seed2,dae_lam1w5
d,normalized,0.9002,0.1775,1.8653,,,dae_lam1w5_seed2,dae_lam1w5
d,normalized/condition,0.9996,0.1971,,noise(sigma=0.1),5000.0000,dae_lam1w5_seed2,dae_lam1w5
d,normalized/condition,0.9996,0.2108,,noise(sigma=0.2),5000.0000,dae_lam1w5_seed2,dae_lam1w5
d,normalized/condition,0.9998,0.2108,,noise(sigma=0.3),5000.0000,dae_lam1w5_seed2,dae_lam1w5
d,normalized/condition,1.0000,0.2112,,noise(sigma=0.5),5000.0000,dae_lam1w5_seed2,dae_lam1w5
d,normalized/condition,0.9996,0.1247,,blur(std=0.5),5000.0000,dae_lam1w5_seed2,dae_lam1w5
d,normalized/condition,0.9978,0.1368,,blur(std=1),5000.0000,dae_lam1w5_seed2,dae_lam1w5
d,normalized/condition,0.9944,0.1487,,blur(std=1.5),5000.0000,dae_lam1w5_seed2,dae_lam1w5
d,normalized/condition,0.9864,0.1555,,blur(std=2),5000.0000,dae_lam1w5_seed2,dae_lam1w5
d,normalized/condition,0.9984,0.1979,,pixel_mask(drop=0.25),5000.0000,dae_lam1w5_seed2,dae_lam1w5
d,normalized/condition,0.7410,0.1992,,pixel_mask(drop=0.5),5000.0000,dae_lam1w5_seed2,dae_lam1w5
d,normalized/condition,0.2968,0.1801,,pixel_mask(drop=0.75),5000.0000,dae_lam1w5_seed2,dae_lam1w5
d,normalized/condition,0.9994,0.1669,,box_mask(size=8),5000.0000,dae_lam1w5_seed2,dae_lam1w5
d,normalized/condition,0.6894,0.1683,,box_mask(size=14),5000.0000,dae_lam1w5_seed2,dae_lam1w5
d,normalized/family,0.9998,0.2075,,noise,20000.0000,dae_lam1w5_seed2,dae_lam1w5
d,normalized/family,0.9946,0.1414,,blur,20000.0000,dae_lam1w5_seed2,dae_lam1w5
d,normalized/family,0.6787,0.1924,,pixel_mask,15000.0000,dae_lam1w5_seed2,dae_lam1w5
d,normalized/family,0.8444,0.1676,,box_mask,10000.0000,dae_lam1w5_seed2,dae_lam1w5
r_A,normalized,0.8996,0.1833,1.9248,,,dae_lam1w5_seed2,dae_lam1w5
r_A,normalized/condition,0.9996,0.2060,,noise(sigma=0.1),5000.0000,dae_lam1w5_seed2,dae_lam1w5
r_A,normalized/condition,0.9996,0.2060,,noise(sigma=0.2),5000.0000,dae_lam1w5_seed2,dae_lam1w5
r_A,normalized/condition,0.9994,0.2060,,noise(sigma=0.3),5000.0000,dae_lam1w5_seed2,dae_lam1w5
r_A,normalized/condition,1.0000,0.2065,,noise(sigma=0.5),5000.0000,dae_lam1w5_seed2,dae_lam1w5
r_A,normalized/condition,0.9996,0.1658,,blur(std=0.5),5000.0000,dae_lam1w5_seed2,dae_lam1w5
r_A,normalized/condition,0.9980,0.1377,,blur(std=1),5000.0000,dae_lam1w5_seed2,dae_lam1w5
r_A,normalized/condition,0.9940,0.1420,,blur(std=1.5),5000.0000,dae_lam1w5_seed2,dae_lam1w5
r_A,normalized/condition,0.9902,0.1555,,blur(std=2),5000.0000,dae_lam1w5_seed2,dae_lam1w5
r_A,normalized/condition,0.9978,0.2004,,pixel_mask(drop=0.25),5000.0000,dae_lam1w5_seed2,dae_lam1w5
r_A,normalized/condition,0.7218,0.1972,,pixel_mask(drop=0.5),5000.0000,dae_lam1w5_seed2,dae_lam1w5
r_A,normalized/condition,0.2084,0.1752,,pixel_mask(drop=0.75),5000.0000,dae_lam1w5_seed2,dae_lam1w5
r_A,normalized/condition,0.9994,0.1948,,box_mask(size=8),5000.0000,dae_lam1w5_seed2,dae_lam1w5
r_A,normalized/condition,0.7874,0.1899,,box_mask(size=14),5000.0000,dae_lam1w5_seed2,dae_lam1w5
r_A,normalized/family,0.9997,0.2061,,noise,20000.0000,dae_lam1w5_seed2,dae_lam1w5
r_A,normalized/family,0.9954,0.1503,,blur,20000.0000,dae_lam1w5_seed2,dae_lam1w5
r_A,normalized/family,0.6427,0.1909,,pixel_mask,15000.0000,dae_lam1w5_seed2,dae_lam1w5
r_A,normalized/family,0.8934,0.1923,,box_mask,10000.0000,dae_lam1w5_seed2,dae_lam1w5
dis,normalized,0.9019,0.1866,1.9588,,,dae_lam1w5_seed2,dae_lam1w5
dis,normalized/condition,0.9998,0.1658,,noise(sigma=0.1),5000.0000,dae_lam1w5_seed2,dae_lam1w5
dis,normalized/condition,0.9998,0.1798,,noise(sigma=0.2),5000.0000,dae_lam1w5_seed2,dae_lam1w5
dis,normalized/condition,0.9998,0.2001,,noise(sigma=0.3),5000.0000,dae_lam1w5_seed2,dae_lam1w5
dis,normalized/condition,1.0000,0.2286,,noise(sigma=0.5),5000.0000,dae_lam1w5_seed2,dae_lam1w5
dis,normalized/condition,0.9996,0.1582,,blur(std=0.5),5000.0000,dae_lam1w5_seed2,dae_lam1w5
dis,normalized/condition,0.9996,0.1688,,blur(std=1),5000.0000,dae_lam1w5_seed2,dae_lam1w5
dis,normalized/condition,0.9996,0.1883,,blur(std=1.5),5000.0000,dae_lam1w5_seed2,dae_lam1w5
dis,normalized/condition,0.9994,0.1991,,blur(std=2),5000.0000,dae_lam1w5_seed2,dae_lam1w5
dis,normalized/condition,0.9988,0.1778,,pixel_mask(drop=0.25),5000.0000,dae_lam1w5_seed2,dae_lam1w5
dis,normalized/condition,0.6650,0.1787,,pixel_mask(drop=0.5),5000.0000,dae_lam1w5_seed2,dae_lam1w5
dis,normalized/condition,0.1646,0.1650,,pixel_mask(drop=0.75),5000.0000,dae_lam1w5_seed2,dae_lam1w5
dis,normalized/condition,0.9998,0.2015,,box_mask(size=8),5000.0000,dae_lam1w5_seed2,dae_lam1w5
dis,normalized/condition,0.8994,0.2140,,box_mask(size=14),5000.0000,dae_lam1w5_seed2,dae_lam1w5
dis,normalized/family,0.9999,0.1936,,noise,20000.0000,dae_lam1w5_seed2,dae_lam1w5
dis,normalized/family,0.9996,0.1786,,blur,20000.0000,dae_lam1w5_seed2,dae_lam1w5
dis,normalized/family,0.6095,0.1738,,pixel_mask,15000.0000,dae_lam1w5_seed2,dae_lam1w5
dis,normalized/family,0.9496,0.2077,,box_mask,10000.0000,dae_lam1w5_seed2,dae_lam1w5
g2,normalized,0.9027,0.1694,1.7794,,,dae_lam1w5_seed2,dae_lam1w5
g2,normalized/condition,0.9968,0.1508,,noise(sigma=0.1),5000.0000,dae_lam1w5_seed2,dae_lam1w5
g2,normalized/condition,0.9982,0.1569,,noise(sigma=0.2),5000.0000,dae_lam1w5_seed2,dae_lam1w5
g2,normalized/condition,0.9986,0.1664,,noise(sigma=0.3),5000.0000,dae_lam1w5_seed2,dae_lam1w5
g2,normalized/condition,0.9988,0.1840,,noise(sigma=0.5),5000.0000,dae_lam1w5_seed2,dae_lam1w5
g2,normalized/condition,0.9964,0.1475,,blur(std=0.5),5000.0000,dae_lam1w5_seed2,dae_lam1w5
g2,normalized/condition,0.9966,0.1520,,blur(std=1),5000.0000,dae_lam1w5_seed2,dae_lam1w5
g2,normalized/condition,0.9952,0.1593,,blur(std=1.5),5000.0000,dae_lam1w5_seed2,dae_lam1w5
g2,normalized/condition,0.9916,0.1680,,blur(std=2),5000.0000,dae_lam1w5_seed2,dae_lam1w5
g2,normalized/condition,0.9402,0.1533,,pixel_mask(drop=0.25),5000.0000,dae_lam1w5_seed2,dae_lam1w5
g2,normalized/condition,0.5394,0.1649,,pixel_mask(drop=0.5),5000.0000,dae_lam1w5_seed2,dae_lam1w5
g2,normalized/condition,0.3278,0.1707,,pixel_mask(drop=0.75),5000.0000,dae_lam1w5_seed2,dae_lam1w5
g2,normalized/condition,0.9992,0.1992,,box_mask(size=8),5000.0000,dae_lam1w5_seed2,dae_lam1w5
g2,normalized/condition,0.9568,0.2293,,box_mask(size=14),5000.0000,dae_lam1w5_seed2,dae_lam1w5
g2,normalized/family,0.9981,0.1645,,noise,20000.0000,dae_lam1w5_seed2,dae_lam1w5
g2,normalized/family,0.9950,0.1567,,blur,20000.0000,dae_lam1w5_seed2,dae_lam1w5
g2,normalized/family,0.6025,0.1630,,pixel_mask,15000.0000,dae_lam1w5_seed2,dae_lam1w5
g2,normalized/family,0.9780,0.2143,,box_mask,10000.0000,dae_lam1w5_seed2,dae_lam1w5
q,normalized,0.9020,0.1875,1.9636,,,dae_lam1w5_seed2,dae_lam1w5
q,normalized/condition,0.9994,0.1847,,noise(sigma=0.1),5000.0000,dae_lam1w5_seed2,dae_lam1w5
q,normalized/condition,0.9994,0.1875,,noise(sigma=0.2),5000.0000,dae_lam1w5_seed2,dae_lam1w5
q,normalized/condition,0.9992,0.1899,,noise(sigma=0.3),5000.0000,dae_lam1w5_seed2,dae_lam1w5
q,normalized/condition,0.9994,0.1925,,noise(sigma=0.5),5000.0000,dae_lam1w5_seed2,dae_lam1w5
q,normalized/condition,0.9994,0.1836,,blur(std=0.5),5000.0000,dae_lam1w5_seed2,dae_lam1w5
q,normalized/condition,0.9994,0.1868,,blur(std=1),5000.0000,dae_lam1w5_seed2,dae_lam1w5
q,normalized/condition,0.9994,0.1897,,blur(std=1.5),5000.0000,dae_lam1w5_seed2,dae_lam1w5
q,normalized/condition,0.9976,0.1916,,blur(std=2),5000.0000,dae_lam1w5_seed2,dae_lam1w5
q,normalized/condition,0.9944,0.1888,,pixel_mask(drop=0.25),5000.0000,dae_lam1w5_seed2,dae_lam1w5
q,normalized/condition,0.6510,0.1880,,pixel_mask(drop=0.5),5000.0000,dae_lam1w5_seed2,dae_lam1w5
q,normalized/condition,0.3838,0.1855,,pixel_mask(drop=0.75),5000.0000,dae_lam1w5_seed2,dae_lam1w5
q,normalized/condition,0.9980,0.1860,,box_mask(size=8),5000.0000,dae_lam1w5_seed2,dae_lam1w5
q,normalized/condition,0.7056,0.1832,,box_mask(size=14),5000.0000,dae_lam1w5_seed2,dae_lam1w5
q,normalized/family,0.9993,0.1886,,noise,20000.0000,dae_lam1w5_seed2,dae_lam1w5
q,normalized/family,0.9990,0.1879,,blur,20000.0000,dae_lam1w5_seed2,dae_lam1w5
q,normalized/family,0.6764,0.1874,,pixel_mask,15000.0000,dae_lam1w5_seed2,dae_lam1w5
q,normalized/family,0.8518,0.1846,,box_mask,10000.0000,dae_lam1w5_seed2,dae_lam1w5
-,marginal,0.9021,0.1852,0.1852,,,dae_lam1w5_seed2,dae_lam1w5
-,severity,0.8983,0.1424,1.4911,,,dae_lam1w5_seed2,dae_lam1w5
g,normalized,0.9004,0.1733,2.0339,,,unet_lam0_seed0,unet_lam0
g,normalized/condition,1.0000,0.1285,,noise(sigma=0.1),5000.0000,unet_lam0_seed0,unet_lam0
g,normalized/condition,1.0000,0.1547,,noise(sigma=0.2),5000.0000,unet_lam0_seed0,unet_lam0
g,normalized/condition,1.0000,0.2085,,noise(sigma=0.3),5000.0000,unet_lam0_seed0,unet_lam0
g,normalized/condition,1.0000,0.2968,,noise(sigma=0.5),5000.0000,unet_lam0_seed0,unet_lam0
g,normalized/condition,1.0000,0.1212,,blur(std=0.5),5000.0000,unet_lam0_seed0,unet_lam0
g,normalized/condition,0.9974,0.1345,,blur(std=1),5000.0000,unet_lam0_seed0,unet_lam0
g,normalized/condition,0.9934,0.1442,,blur(std=1.5),5000.0000,unet_lam0_seed0,unet_lam0
g,normalized/condition,0.9672,0.1476,,blur(std=2),5000.0000,unet_lam0_seed0,unet_lam0
g,normalized/condition,1.0000,0.2240,,pixel_mask(drop=0.25),5000.0000,unet_lam0_seed0,unet_lam0
g,normalized/condition,1.0000,0.2528,,pixel_mask(drop=0.5),5000.0000,unet_lam0_seed0,unet_lam0
g,normalized/condition,0.2182,0.1982,,pixel_mask(drop=0.75),5000.0000,unet_lam0_seed0,unet_lam0
g,normalized/condition,0.9998,0.1230,,box_mask(size=8),5000.0000,unet_lam0_seed0,unet_lam0
g,normalized/condition,0.5286,0.1186,,box_mask(size=14),5000.0000,unet_lam0_seed0,unet_lam0
g,normalized/family,1.0000,0.1971,,noise,20000.0000,unet_lam0_seed0,unet_lam0
g,normalized/family,0.9895,0.1369,,blur,20000.0000,unet_lam0_seed0,unet_lam0
g,normalized/family,0.7394,0.2250,,pixel_mask,15000.0000,unet_lam0_seed0,unet_lam0
g,normalized/family,0.7642,0.1208,,box_mask,10000.0000,unet_lam0_seed0,unet_lam0
d,normalized,0.9012,0.1689,1.9797,,,unet_lam0_seed0,unet_lam0
d,normalized/condition,1.0000,0.1891,,noise(sigma=0.1),5000.0000,unet_lam0_seed0,unet_lam0
d,normalized/condition,1.0000,0.1925,,noise(sigma=0.2),5000.0000,unet_lam0_seed0,unet_lam0
d,normalized/condition,1.0000,0.1925,,noise(sigma=0.3),5000.0000,unet_lam0_seed0,unet_lam0
d,normalized/condition,0.9972,0.1925,,noise(sigma=0.5),5000.0000,unet_lam0_seed0,unet_lam0
d,normalized/condition,1.0000,0.1448,,blur(std=0.5),5000.0000,unet_lam0_seed0,unet_lam0
d,normalized/condition,0.9994,0.1492,,blur(std=1),5000.0000,unet_lam0_seed0,unet_lam0
d,normalized/condition,0.9956,0.1485,,blur(std=1.5),5000.0000,unet_lam0_seed0,unet_lam0
d,normalized/condition,0.9746,0.1468,,blur(std=2),5000.0000,unet_lam0_seed0,unet_lam0
d,normalized/condition,0.9996,0.1876,,pixel_mask(drop=0.25),5000.0000,unet_lam0_seed0,unet_lam0
d,normalized/condition,0.7144,0.1879,,pixel_mask(drop=0.5),5000.0000,unet_lam0_seed0,unet_lam0
d,normalized/condition,0.3900,0.1796,,pixel_mask(drop=0.75),5000.0000,unet_lam0_seed0,unet_lam0
d,normalized/condition,1.0000,0.1459,,box_mask(size=8),5000.0000,unet_lam0_seed0,unet_lam0
d,normalized/condition,0.6454,0.1389,,box_mask(size=14),5000.0000,unet_lam0_seed0,unet_lam0
d,normalized/family,0.9993,0.1917,,noise,20000.0000,unet_lam0_seed0,unet_lam0
d,normalized/family,0.9924,0.1473,,blur,20000.0000,unet_lam0_seed0,unet_lam0
d,normalized/family,0.7013,0.1850,,pixel_mask,15000.0000,unet_lam0_seed0,unet_lam0
d,normalized/family,0.8227,0.1424,,box_mask,10000.0000,unet_lam0_seed0,unet_lam0
r_A,normalized,0.9009,0.1678,1.9636,,,unet_lam0_seed0,unet_lam0
r_A,normalized/condition,0.9998,0.1149,,noise(sigma=0.1),5000.0000,unet_lam0_seed0,unet_lam0
r_A,normalized/condition,0.9996,0.1105,,noise(sigma=0.2),5000.0000,unet_lam0_seed0,unet_lam0
r_A,normalized/condition,0.9976,0.1105,,noise(sigma=0.3),5000.0000,unet_lam0_seed0,unet_lam0
r_A,normalized/condition,0.6798,0.1103,,noise(sigma=0.5),5000.0000,unet_lam0_seed0,unet_lam0
r_A,normalized/condition,0.9994,0.1934,,blur(std=0.5),5000.0000,unet_lam0_seed0,unet_lam0
r_A,normalized/condition,0.9996,0.1935,,blur(std=1),5000.0000,unet_lam0_seed0,unet_lam0
r_A,normalized/condition,0.9992,0.1935,,blur(std=1.5),5000.0000,unet_lam0_seed0,unet_lam0
r_A,normalized/condition,0.9972,0.1935,,blur(std=2),5000.0000,unet_lam0_seed0,unet_lam0
r_A,normalized/condition,0.9886,0.1925,,pixel_mask(drop=0.25),5000.0000,unet_lam0_seed0,unet_lam0
r_A,normalized/condition,0.7198,0.1887,,pixel_mask(drop=0.5),5000.0000,unet_lam0_seed0,unet_lam0
r_A,normalized/condition,0.4280,0.1932,,pixel_mask(drop=0.75),5000.0000,unet_lam0_seed0,unet_lam0
r_A,normalized/condition,0.9992,0.1934,,box_mask(size=8),5000.0000,unet_lam0_seed0,unet_lam0
r_A,normalized/condition,0.9044,0.1935,,box_mask(size=14),5000.0000,unet_lam0_seed0,unet_lam0
r_A,normalized/family,0.9192,0.1115,,noise,20000.0000,unet_lam0_seed0,unet_lam0
r_A,normalized/family,0.9989,0.1935,,blur,20000.0000,unet_lam0_seed0,unet_lam0
r_A,normalized/family,0.7121,0.1915,,pixel_mask,15000.0000,unet_lam0_seed0,unet_lam0
r_A,normalized/family,0.9518,0.1934,,box_mask,10000.0000,unet_lam0_seed0,unet_lam0
dis,normalized,0.9000,0.1789,2.0956,,,unet_lam0_seed0,unet_lam0
dis,normalized/condition,1.0000,0.1456,,noise(sigma=0.1),5000.0000,unet_lam0_seed0,unet_lam0
dis,normalized/condition,1.0000,0.1779,,noise(sigma=0.2),5000.0000,unet_lam0_seed0,unet_lam0
dis,normalized/condition,1.0000,0.2321,,noise(sigma=0.3),5000.0000,unet_lam0_seed0,unet_lam0
dis,normalized/condition,1.0000,0.2893,,noise(sigma=0.5),5000.0000,unet_lam0_seed0,unet_lam0
dis,normalized/condition,1.0000,0.1332,,blur(std=0.5),5000.0000,unet_lam0_seed0,unet_lam0
dis,normalized/condition,0.9992,0.1403,,blur(std=1),5000.0000,unet_lam0_seed0,unet_lam0
dis,normalized/condition,0.9970,0.1522,,blur(std=1.5),5000.0000,unet_lam0_seed0,unet_lam0
dis,normalized/condition,0.9948,0.1657,,blur(std=2),5000.0000,unet_lam0_seed0,unet_lam0
dis,normalized/condition,1.0000,0.2162,,pixel_mask(drop=0.25),5000.0000,unet_lam0_seed0,unet_lam0
dis,normalized/condition,0.9800,0.2209,,pixel_mask(drop=0.5),5000.0000,unet_lam0_seed0,unet_lam0
dis,normalized/condition,0.1370,0.1803,,pixel_mask(drop=0.75),5000.0000,unet_lam0_seed0,unet_lam0
dis,normalized/condition,1.0000,0.1421,,box_mask(size=8),5000.0000,unet_lam0_seed0,unet_lam0
dis,normalized/condition,0.5924,0.1304,,box_mask(size=14),5000.0000,unet_lam0_seed0,unet_lam0
dis,normalized/family,1.0000,0.2112,,noise,20000.0000,unet_lam0_seed0,unet_lam0
dis,normalized/family,0.9978,0.1479,,blur,20000.0000,unet_lam0_seed0,unet_lam0
dis,normalized/family,0.7057,0.2058,,pixel_mask,15000.0000,unet_lam0_seed0,unet_lam0
dis,normalized/family,0.7962,0.1362,,box_mask,10000.0000,unet_lam0_seed0,unet_lam0
g2,normalized,0.9001,0.1746,2.0467,,,unet_lam0_seed0,unet_lam0
g2,normalized/condition,1.0000,0.1315,,noise(sigma=0.1),5000.0000,unet_lam0_seed0,unet_lam0
g2,normalized/condition,1.0000,0.1467,,noise(sigma=0.2),5000.0000,unet_lam0_seed0,unet_lam0
g2,normalized/condition,1.0000,0.1820,,noise(sigma=0.3),5000.0000,unet_lam0_seed0,unet_lam0
g2,normalized/condition,1.0000,0.2815,,noise(sigma=0.5),5000.0000,unet_lam0_seed0,unet_lam0
g2,normalized/condition,0.9998,0.1258,,blur(std=0.5),5000.0000,unet_lam0_seed0,unet_lam0
g2,normalized/condition,0.9990,0.1502,,blur(std=1),5000.0000,unet_lam0_seed0,unet_lam0
g2,normalized/condition,0.9980,0.1751,,blur(std=1.5),5000.0000,unet_lam0_seed0,unet_lam0
g2,normalized/condition,0.9966,0.1887,,blur(std=2),5000.0000,unet_lam0_seed0,unet_lam0
g2,normalized/condition,1.0000,0.2130,,pixel_mask(drop=0.25),5000.0000,unet_lam0_seed0,unet_lam0
g2,normalized/condition,0.9876,0.2422,,pixel_mask(drop=0.5),5000.0000,unet_lam0_seed0,unet_lam0
g2,normalized/condition,0.1968,0.1811,,pixel_mask(drop=0.75),5000.0000,unet_lam0_seed0,unet_lam0
g2,normalized/condition,0.9998,0.1307,,box_mask(size=8),5000.0000,unet_lam0_seed0,unet_lam0
g2,normalized/condition,0.5234,0.1214,,box_mask(size=14),5000.0000,unet_lam0_seed0,unet_lam0
g2,normalized/family,1.0000,0.1854,,noise,20000.0000,unet_lam0_seed0,unet_lam0
g2,normalized/family,0.9983,0.1599,,blur,20000.0000,unet_lam0_seed0,unet_lam0
g2,normalized/family,0.7281,0.2121,,pixel_mask,15000.0000,unet_lam0_seed0,unet_lam0
g2,normalized/family,0.7616,0.1260,,box_mask,10000.0000,unet_lam0_seed0,unet_lam0
q,normalized,0.9004,0.1694,1.9879,,,unet_lam0_seed0,unet_lam0
q,normalized/condition,1.0000,0.1596,,noise(sigma=0.1),5000.0000,unet_lam0_seed0,unet_lam0
q,normalized/condition,1.0000,0.1927,,noise(sigma=0.2),5000.0000,unet_lam0_seed0,unet_lam0
q,normalized/condition,1.0000,0.2070,,noise(sigma=0.3),5000.0000,unet_lam0_seed0,unet_lam0
q,normalized/condition,0.9456,0.1922,,noise(sigma=0.5),5000.0000,unet_lam0_seed0,unet_lam0
q,normalized/condition,1.0000,0.1488,,blur(std=0.5),5000.0000,unet_lam0_seed0,unet_lam0
q,normalized/condition,0.9976,0.1489,,blur(std=1),5000.0000,unet_lam0_seed0,unet_lam0
q,normalized/condition,0.9894,0.1445,,blur(std=1.5),5000.0000,unet_lam0_seed0,unet_lam0
q,normalized/condition,0.9476,0.1441,,blur(std=2),5000.0000,unet_lam0_seed0,unet_lam0
q,normalized/condition,0.9980,0.1883,,pixel_mask(drop=0.25),5000.0000,unet_lam0_seed0,unet_lam0
q,normalized/condition,0.7224,0.1882,,pixel_mask(drop=0.5),5000.0000,unet_lam0_seed0,unet_lam0
q,normalized/condition,0.4192,0.1952,,pixel_mask(drop=0.75),5000.0000,unet_lam0_seed0,unet_lam0
q,normalized/condition,1.0000,0.1467,,box_mask(size=8),5000.0000,unet_lam0_seed0,unet_lam0
q,normalized/condition,0.6860,0.1463,,box_mask(size=14),5000.0000,unet_lam0_seed0,unet_lam0
q,normalized/family,0.9864,0.1879,,noise,20000.0000,unet_lam0_seed0,unet_lam0
q,normalized/family,0.9837,0.1466,,blur,20000.0000,unet_lam0_seed0,unet_lam0
q,normalized/family,0.7132,0.1906,,pixel_mask,15000.0000,unet_lam0_seed0,unet_lam0
q,normalized/family,0.8430,0.1465,,box_mask,10000.0000,unet_lam0_seed0,unet_lam0
-,marginal,0.9018,0.1699,0.1699,,,unet_lam0_seed0,unet_lam0
-,severity,0.9010,0.1281,1.4994,,,unet_lam0_seed0,unet_lam0
g,normalized,0.9006,0.1739,2.0224,,,unet_lam0_seed1,unet_lam0
g,normalized/condition,1.0000,0.1274,,noise(sigma=0.1),5000.0000,unet_lam0_seed1,unet_lam0
g,normalized/condition,1.0000,0.1545,,noise(sigma=0.2),5000.0000,unet_lam0_seed1,unet_lam0
g,normalized/condition,1.0000,0.2129,,noise(sigma=0.3),5000.0000,unet_lam0_seed1,unet_lam0
g,normalized/condition,1.0000,0.3114,,noise(sigma=0.5),5000.0000,unet_lam0_seed1,unet_lam0
g,normalized/condition,1.0000,0.1203,,blur(std=0.5),5000.0000,unet_lam0_seed1,unet_lam0
g,normalized/condition,0.9970,0.1334,,blur(std=1),5000.0000,unet_lam0_seed1,unet_lam0
g,normalized/condition,0.9930,0.1456,,blur(std=1.5),5000.0000,unet_lam0_seed1,unet_lam0
g,normalized/condition,0.9792,0.1521,,blur(std=2),5000.0000,unet_lam0_seed1,unet_lam0
g,normalized/condition,1.0000,0.2186,,pixel_mask(drop=0.25),5000.0000,unet_lam0_seed1,unet_lam0
g,normalized/condition,0.9996,0.2480,,pixel_mask(drop=0.5),5000.0000,unet_lam0_seed1,unet_lam0
g,normalized/condition,0.2190,0.1967,,pixel_mask(drop=0.75),5000.0000,unet_lam0_seed1,unet_lam0
g,normalized/condition,0.9998,0.1222,,box_mask(size=8),5000.0000,unet_lam0_seed1,unet_lam0
g,normalized/condition,0.5202,0.1179,,box_mask(size=14),5000.0000,unet_lam0_seed1,unet_lam0
g,normalized/family,1.0000,0.2016,,noise,20000.0000,unet_lam0_seed1,unet_lam0
g,normalized/family,0.9923,0.1379,,blur,20000.0000,unet_lam0_seed1,unet_lam0
g,normalized/family,0.7395,0.2211,,pixel_mask,15000.0000,unet_lam0_seed1,unet_lam0
g,normalized/family,0.7600,0.1201,,box_mask,10000.0000,unet_lam0_seed1,unet_lam0
d,normalized,0.9013,0.1706,1.9803,,,unet_lam0_seed1,unet_lam0
d,normalized/condition,1.0000,0.1913,,noise(sigma=0.1),5000.0000,unet_lam0_seed1,unet_lam0
d,normalized/condition,1.0000,0.1913,,noise(sigma=0.2),5000.0000,unet_lam0_seed1,unet_lam0
d,normalized/condition,1.0000,0.1913,,noise(sigma=0.3),5000.0000,unet_lam0_seed1,unet_lam0
d,normalized/condition,0.9974,0.2063,,noise(sigma=0.5),5000.0000,unet_lam0_seed1,unet_lam0
d,normalized/condition,1.0000,0.1436,,blur(std=0.5),5000.0000,unet_lam0_seed1,unet_lam0
d,normalized/condition,0.9996,0.1509,,blur(std=1),5000.0000,unet_lam0_seed1,unet_lam0
d,normalized/condition,0.9964,0.1523,,blur(std=1.5),5000.0000,unet_lam0_seed1,unet_lam0
d,normalized/condition,0.9850,0.1522,,blur(std=2),5000.0000,unet_lam0_seed1,unet_lam0
d,normalized/condition,0.9996,0.1884,,pixel_mask(drop=0.25),5000.0000,unet_lam0_seed1,unet_lam0
d,normalized/condition,0.7126,0.1882,,pixel_mask(drop=0.5),5000.0000,unet_lam0_seed1,unet_lam0
d,normalized/condition,0.3926,0.1801,,pixel_mask(drop=0.75),5000.0000,unet_lam0_seed1,unet_lam0
d,normalized/condition,1.0000,0.1442,,box_mask(size=8),5000.0000,unet_lam0_seed1,unet_lam0
d,normalized/condition,0.6336,0.1374,,box_mask(size=14),5000.0000,unet_lam0_seed1,unet_lam0
d,normalized/family,0.9993,0.1951,,noise,20000.0000,unet_lam0_seed1,unet_lam0
d,normalized/family,0.9952,0.1497,,blur,20000.0000,unet_lam0_seed1,unet_lam0
d,normalized/family,0.7016,0.1856,,pixel_mask,15000.0000,unet_lam0_seed1,unet_lam0
d,normalized/family,0.8168,0.1408,,box_mask,10000.0000,unet_lam0_seed1,unet_lam0
r_A,normalized,0.9006,0.1783,2.0700,,,unet_lam0_seed1,unet_lam0
r_A,normalized/condition,1.0000,0.1948,,noise(sigma=0.1),5000.0000,unet_lam0_seed1,unet_lam0
r_A,normalized/condition,1.0000,0.1948,,noise(sigma=0.2),5000.0000,unet_lam0_seed1,unet_lam0
r_A,normalized/condition,1.0000,0.1948,,noise(sigma=0.3),5000.0000,unet_lam0_seed1,unet_lam0
r_A,normalized/condition,0.9984,0.2156,,noise(sigma=0.5),5000.0000,unet_lam0_seed1,unet_lam0
r_A,normalized/condition,1.0000,0.1568,,blur(std=0.5),5000.0000,unet_lam0_seed1,unet_lam0
r_A,normalized/condition,0.9996,0.1605,,blur(std=1),5000.0000,unet_lam0_seed1,unet_lam0
r_A,normalized/condition,0.9990,0.1734,,blur(std=1.5),5000.0000,unet_lam0_seed1,unet_lam0
r_A,normalized/condition,0.9966,0.1825,,blur(std=2),5000.0000,unet_lam0_seed1,unet_lam0
r_A,normalized/condition,0.9996,0.1841,,pixel_mask(drop=0.25),5000.0000,unet_lam0_seed1,unet_lam0
r_A,normalized/condition,0.7258,0.1843,,pixel_mask(drop=0.5),5000.0000,unet_lam0_seed1,unet_lam0
r_A,normalized/condition,0.2854,0.1719,,pixel_mask(drop=0.75),5000.0000,unet_lam0_seed1,unet_lam0
r_A,normalized/condition,1.0000,0.1551,,box_mask(size=8),5000.0000,unet_lam0_seed1,unet_lam0
r_A,normalized/condition,0.7036,0.1497,,box_mask(size=14),5000.0000,unet_lam0_seed1,unet_lam0
r_A,normalized/family,0.9996,0.2000,,noise,20000.0000,unet_lam0_seed1,unet_lam0
r_A,normalized/family,0.9988,0.1683,,blur,20000.0000,unet_lam0_seed1,unet_lam0
r_A,normalized/family,0.6703,0.1801,,pixel_mask,15000.0000,unet_lam0_seed1,unet_lam0
r_A,normalized/family,0.8518,0.1524,,box_mask,10000.0000,unet_lam0_seed1,unet_lam0
dis,normalized,0.8999,0.1796,2.0827,,,unet_lam0_seed1,unet_lam0
dis,normalized/condition,1.0000,0.1453,,noise(sigma=0.1),5000.0000,unet_lam0_seed1,unet_lam0
dis,normalized/condition,1.0000,0.1774,,noise(sigma=0.2),5000.0000,unet_lam0_seed1,unet_lam0
dis,normalized/condition,1.0000,0.2331,,noise(sigma=0.3),5000.0000,unet_lam0_seed1,unet_lam0
dis,normalized/condition,1.0000,0.2972,,noise(sigma=0.5),5000.0000,unet_lam0_seed1,unet_lam0
dis,normalized/condition,1.0000,0.1330,,blur(std=0.5),5000.0000,unet_lam0_seed1,unet_lam0
dis,normalized/condition,0.9992,0.1400,,blur(std=1),5000.0000,unet_lam0_seed1,unet_lam0
dis,normalized/condition,0.9970,0.1518,,blur(std=1.5),5000.0000,unet_lam0_seed1,unet_lam0
dis,normalized/condition,0.9948,0.1652,,blur(std=2),5000.0000,unet_lam0_seed1,unet_lam0
dis,normalized/condition,1.0000,0.2169,,pixel_mask(drop=0.25),5000.0000,unet_lam0_seed1,unet_lam0
dis,normalized/condition,0.9848,0.2224,,pixel_mask(drop=0.5),5000.0000,unet_lam0_seed1,unet_lam0
dis,normalized/condition,0.1362,0.1804,,pixel_mask(drop=0.75),5000.0000,unet_lam0_seed1,unet_lam0
dis,normalized/condition,1.0000,0.1418,,box_mask(size=8),5000.0000,unet_lam0_seed1,unet_lam0
dis,normalized/condition,0.5862,0.1301,,box_mask(size=14),5000.0000,unet_lam0_seed1,unet_lam0
dis,normalized/family,1.0000,0.2133,,noise,20000.0000,unet_lam0_seed1,unet_lam0
dis,normalized/family,0.9978,0.1475,,blur,20000.0000,unet_lam0_seed1,unet_lam0
dis,normalized/family,0.7070,0.2066,,pixel_mask,15000.0000,unet_lam0_seed1,unet_lam0
dis,normalized/family,0.7931,0.1359,,box_mask,10000.0000,unet_lam0_seed1,unet_lam0
g2,normalized,0.8991,0.1733,2.0123,,,unet_lam0_seed1,unet_lam0
g2,normalized/condition,1.0000,0.1292,,noise(sigma=0.1),5000.0000,unet_lam0_seed1,unet_lam0
g2,normalized/condition,1.0000,0.1441,,noise(sigma=0.2),5000.0000,unet_lam0_seed1,unet_lam0
g2,normalized/condition,1.0000,0.1821,,noise(sigma=0.3),5000.0000,unet_lam0_seed1,unet_lam0
g2,normalized/condition,1.0000,0.2991,,noise(sigma=0.5),5000.0000,unet_lam0_seed1,unet_lam0
g2,normalized/condition,0.9998,0.1232,,blur(std=0.5),5000.0000,unet_lam0_seed1,unet_lam0
g2,normalized/condition,0.9982,0.1446,,blur(std=1),5000.0000,unet_lam0_seed1,unet_lam0
g2,normalized/condition,0.9970,0.1673,,blur(std=1.5),5000.0000,unet_lam0_seed1,unet_lam0
g2,normalized/condition,0.9938,0.1833,,blur(std=2),5000.0000,unet_lam0_seed1,unet_lam0
g2,normalized/condition,1.0000,0.2099,,pixel_mask(drop=0.25),5000.0000,unet_lam0_seed1,unet_lam0
g2,normalized/condition,0.9846,0.2404,,pixel_mask(drop=0.5),5000.0000,unet_lam0_seed1,unet_lam0
g2,normalized/condition,0.2052,0.1817,,pixel_mask(drop=0.75),5000.0000,unet_lam0_seed1,unet_lam0
g2,normalized/condition,0.9994,0.1283,,box_mask(size=8),5000.0000,unet_lam0_seed1,unet_lam0
g2,normalized/condition,0.5104,0.1197,,box_mask(size=14),5000.0000,unet_lam0_seed1,unet_lam0
g2,normalized/family,1.0000,0.1886,,noise,20000.0000,unet_lam0_seed1,unet_lam0
g2,normalized/family,0.9972,0.1546,,blur,20000.0000,unet_lam0_seed1,unet_lam0
g2,normalized/family,0.7299,0.2107,,pixel_mask,15000.0000,unet_lam0_seed1,unet_lam0
g2,normalized/family,0.7549,0.1240,,box_mask,10000.0000,unet_lam0_seed1,unet_lam0
q,normalized,0.9007,0.1716,1.9918,,,unet_lam0_seed1,unet_lam0
q,normalized/condition,1.0000,0.1660,,noise(sigma=0.1),5000.0000,unet_lam0_seed1,unet_lam0
q,normalized/condition,1.0000,0.1921,,noise(sigma=0.2),5000.0000,unet_lam0_seed1,unet_lam0
q,normalized/condition,1.0000,0.2018,,noise(sigma=0.3),5000.0000,unet_lam0_seed1,unet_lam0
q,normalized/condition,0.9286,0.1875,,noise(sigma=0.5),5000.0000,unet_lam0_seed1,unet_lam0
q,normalized/condition,1.0000,0.1558,,blur(std=0.5),5000.0000,unet_lam0_seed1,unet_lam0
q,normalized/condition,0.9990,0.1581,,blur(std=1),5000.0000,unet_lam0_seed1,unet_lam0
q,normalized/condition,0.9936,0.1525,,blur(std=1.5),5000.0000,unet_lam0_seed1,unet_lam0
q,normalized/condition,0.9638,0.1507,,blur(std=2),5000.0000,unet_lam0_seed1,unet_lam0
q,normalized/condition,0.9980,0.1859,,pixel_mask(drop=0.25),5000.0000,unet_lam0_seed1,unet_lam0
q,normalized/condition,0.7040,0.1845,,pixel_mask(drop=0.5),5000.0000,unet_lam0_seed1,unet_lam0
q,normalized/condition,0.4048,0.1906,,pixel_mask(drop=0.75),5000.0000,unet_lam0_seed1,unet_lam0
q,normalized/condition,1.0000,0.1531,,box_mask(size=8),5000.0000,unet_lam0_seed1,unet_lam0
q,normalized/condition,0.7178,0.1521,,box_mask(size=14),5000.0000,unet_lam0_seed1,unet_lam0
q,normalized/family,0.9821,0.1869,,noise,20000.0000,unet_lam0_seed1,unet_lam0
q,normalized/family,0.9891,0.1543,,blur,20000.0000,unet_lam0_seed1,unet_lam0
q,normalized/family,0.7023,0.1870,,pixel_mask,15000.0000,unet_lam0_seed1,unet_lam0
q,normalized/family,0.8589,0.1526,,box_mask,10000.0000,unet_lam0_seed1,unet_lam0
-,marginal,0.9022,0.1711,0.1711,,,unet_lam0_seed1,unet_lam0
-,severity,0.9014,0.1290,1.4957,,,unet_lam0_seed1,unet_lam0
g,normalized,0.9010,0.1752,2.0509,,,unet_lam0_seed2,unet_lam0
g,normalized/condition,1.0000,0.1292,,noise(sigma=0.1),5000.0000,unet_lam0_seed2,unet_lam0
g,normalized/condition,1.0000,0.1576,,noise(sigma=0.2),5000.0000,unet_lam0_seed2,unet_lam0
g,normalized/condition,1.0000,0.2143,,noise(sigma=0.3),5000.0000,unet_lam0_seed2,unet_lam0
g,normalized/condition,1.0000,0.3015,,noise(sigma=0.5),5000.0000,unet_lam0_seed2,unet_lam0
g,normalized/condition,1.0000,0.1216,,blur(std=0.5),5000.0000,unet_lam0_seed2,unet_lam0
g,normalized/condition,0.9978,0.1369,,blur(std=1),5000.0000,unet_lam0_seed2,unet_lam0
g,normalized/condition,0.9950,0.1487,,blur(std=1.5),5000.0000,unet_lam0_seed2,unet_lam0
g,normalized/condition,0.9840,0.1524,,blur(std=2),5000.0000,unet_lam0_seed2,unet_lam0
g,normalized/condition,1.0000,0.2273,,pixel_mask(drop=0.25),5000.0000,unet_lam0_seed2,unet_lam0
g,normalized/condition,1.0000,0.2501,,pixel_mask(drop=0.5),5000.0000,unet_lam0_seed2,unet_lam0
g,normalized/condition,0.2076,0.1955,,pixel_mask(drop=0.75),5000.0000,unet_lam0_seed2,unet_lam0
g,normalized/condition,1.0000,0.1233,,box_mask(size=8),5000.0000,unet_lam0_seed2,unet_lam0
g,normalized/condition,0.5282,0.1188,,box_mask(size=14),5000.0000,unet_lam0_seed2,unet_lam0
g,normalized/family,1.0000,0.2007,,noise,20000.0000,unet_lam0_seed2,unet_lam0
g,normalized/family,0.9942,0.1399,,blur,20000.0000,unet_lam0_seed2,unet_lam0
g,normalized/family,0.7359,0.2243,,pixel_mask,15000.0000,unet_lam0_seed2,unet_lam0
g,normalized/family,0.7641,0.1211,,box_mask,10000.0000,unet_lam0_seed2,unet_lam0
d,normalized,0.9013,0.1700,1.9871,,,unet_lam0_seed2,unet_lam0
d,normalized/condition,1.0000,0.1894,,noise(sigma=0.1),5000.0000,unet_lam0_seed2,unet_lam0
d,normalized/condition,1.0000,0.1946,,noise(sigma=0.2),5000.0000,unet_lam0_seed2,unet_lam0
d,normalized/condition,1.0000,0.1946,,noise(sigma=0.3),5000.0000,unet_lam0_seed2,unet_lam0
d,normalized/condition,0.9968,0.1946,,noise(sigma=0.5),5000.0000,unet_lam0_seed2,unet_lam0
d,normalized/condition,1.0000,0.1453,,blur(std=0.5),5000.0000,unet_lam0_seed2,unet_lam0
d,normalized/condition,0.9994,0.1513,,blur(std=1),5000.0000,unet_lam0_seed2,unet_lam0
d,normalized/condition,0.9958,0.1506,,blur(std=1.5),5000.0000,unet_lam0_seed2,unet_lam0
d,normalized/condition,0.9788,0.1487,,blur(std=2),5000.0000,unet_lam0_seed2,unet_lam0
d,normalized/condition,0.9996,0.1881,,pixel_mask(drop=0.25),5000.0000,unet_lam0_seed2,unet_lam0
d,normalized/condition,0.7180,0.1886,,pixel_mask(drop=0.5),5000.0000,unet_lam0_seed2,unet_lam0
d,normalized/condition,0.3826,0.1801,,pixel_mask(drop=0.75),5000.0000,unet_lam0_seed2,unet_lam0
d,normalized/condition,1.0000,0.1457,,box_mask(size=8),5000.0000,unet_lam0_seed2,unet_lam0
d,normalized/condition,0.6456,0.1388,,box_mask(size=14),5000.0000,unet_lam0_seed2,unet_lam0
d,normalized/family,0.9992,0.1933,,noise,20000.0000,unet_lam0_seed2,unet_lam0
d,normalized/family,0.9935,0.1490,,blur,20000.0000,unet_lam0_seed2,unet_lam0
d,normalized/family,0.7001,0.1856,,pixel_mask,15000.0000,unet_lam0_seed2,unet_lam0
d,normalized/family,0.8228,0.1423,,box_mask,10000.0000,unet_lam0_seed2,unet_lam0
r_A,normalized,0.9010,0.1689,1.9713,,,unet_lam0_seed2,unet_lam0
r_A,normalized/condition,1.0000,0.1171,,noise(sigma=0.1),5000.0000,unet_lam0_seed2,unet_lam0
r_A,normalized/condition,0.9998,0.1117,,noise(sigma=0.2),5000.0000,unet_lam0_seed2,unet_lam0
r_A,normalized/condition,0.9972,0.1117,,noise(sigma=0.3),5000.0000,unet_lam0_seed2,unet_lam0
r_A,normalized/condition,0.6716,0.1116,,noise(sigma=0.5),5000.0000,unet_lam0_seed2,unet_lam0
r_A,normalized/condition,0.9994,0.1943,,blur(std=0.5),5000.0000,unet_lam0_seed2,unet_lam0
r_A,normalized/condition,0.9996,0.1944,,blur(std=1),5000.0000,unet_lam0_seed2,unet_lam0
r_A,normalized/condition,0.9996,0.1944,,blur(std=1.5),5000.0000,unet_lam0_seed2,unet_lam0
r_A,normalized/condition,0.9972,0.1944,,blur(std=2),5000.0000,unet_lam0_seed2,unet_lam0
r_A,normalized/condition,0.9932,0.1938,,pixel_mask(drop=0.25),5000.0000,unet_lam0_seed2,unet_lam0
r_A,normalized/condition,0.7194,0.1895,,pixel_mask(drop=0.5),5000.0000,unet_lam0_seed2,unet_lam0
r_A,normalized/condition,0.4282,0.1940,,pixel_mask(drop=0.75),5000.0000,unet_lam0_seed2,unet_lam0
r_A,normalized/condition,0.9994,0.1943,,box_mask(size=8),5000.0000,unet_lam0_seed2,unet_lam0
r_A,normalized/condition,0.9090,0.1944,,box_mask(size=14),5000.0000,unet_lam0_seed2,unet_lam0
r_A,normalized/family,0.9172,0.1130,,noise,20000.0000,unet_lam0_seed2,unet_lam0
r_A,normalized/family,0.9990,0.1944,,blur,20000.0000,unet_lam0_seed2,unet_lam0
r_A,normalized/family,0.7136,0.1924,,pixel_mask,15000.0000,unet_lam0_seed2,unet_lam0
r_A,normalized/family,0.9542,0.1943,,box_mask,10000.0000,unet_lam0_seed2,unet_lam0
dis,normalized,0.9000,0.1796,2.0977,,,unet_lam0_seed2,unet_lam0
dis,normalized/condition,1.0000,0.1459,,noise(sigma=0.1),5000.0000,unet_lam0_seed2,unet_lam0
dis,normalized/condition,1.0000,0.1785,,noise(sigma=0.2),5000.0000,unet_lam0_seed2,unet_lam0
dis,normalized/condition,1.0000,0.2334,,noise(sigma=0.3),5000.0000,unet_lam0_seed2,unet_lam0
dis,normalized/condition,1.0000,0.2913,,noise(sigma=0.5),5000.0000,unet_lam0_seed2,unet_lam0
dis,normalized/condition,1.0000,0.1334,,blur(std=0.5),5000.0000,unet_lam0_seed2,unet_lam0
dis,normalized/condition,0.9992,0.1404,,blur(std=1),5000.0000,unet_lam0_seed2,unet_lam0
dis,normalized/condition,0.9970,0.1526,,blur(std=1.5),5000.0000,unet_lam0_seed2,unet_lam0
dis,normalized/condition,0.9950,0.1663,,blur(std=2),5000.0000,unet_lam0_seed2,unet_lam0
dis,normalized/condition,1.0000,0.2173,,pixel_mask(drop=0.25),5000.0000,unet_lam0_seed2,unet_lam0
dis,normalized/condition,0.9814,0.2221,,pixel_mask(drop=0.5),5000.0000,unet_lam0_seed2,unet_lam0
dis,normalized/condition,0.1326,0.1810,,pixel_mask(drop=0.75),5000.0000,unet_lam0_seed2,unet_lam0
dis,normalized/condition,1.0000,0.1423,,box_mask(size=8),5000.0000,unet_lam0_seed2,unet_lam0
dis,normalized/condition,0.5950,0.1305,,box_mask(size=14),5000.0000,unet_lam0_seed2,unet_lam0
dis,normalized/family,1.0000,0.2123,,noise,20000.0000,unet_lam0_seed2,unet_lam0
dis,normalized/family,0.9978,0.1482,,blur,20000.0000,unet_lam0_seed2,unet_lam0
dis,normalized/family,0.7047,0.2068,,pixel_mask,15000.0000,unet_lam0_seed2,unet_lam0
dis,normalized/family,0.7975,0.1364,,box_mask,10000.0000,unet_lam0_seed2,unet_lam0
g2,normalized,0.8995,0.1756,2.0529,,,unet_lam0_seed2,unet_lam0
g2,normalized/condition,1.0000,0.1309,,noise(sigma=0.1),5000.0000,unet_lam0_seed2,unet_lam0
g2,normalized/condition,1.0000,0.1465,,noise(sigma=0.2),5000.0000,unet_lam0_seed2,unet_lam0
g2,normalized/condition,1.0000,0.1832,,noise(sigma=0.3),5000.0000,unet_lam0_seed2,unet_lam0
g2,normalized/condition,1.0000,0.2867,,noise(sigma=0.5),5000.0000,unet_lam0_seed2,unet_lam0
g2,normalized/condition,1.0000,0.1250,,blur(std=0.5),5000.0000,unet_lam0_seed2,unet_lam0
g2,normalized/condition,0.9992,0.1506,,blur(std=1),5000.0000,unet_lam0_seed2,unet_lam0
g2,normalized/condition,0.9986,0.1778,,blur(std=1.5),5000.0000,unet_lam0_seed2,unet_lam0
g2,normalized/condition,0.9968,0.1921,,blur(std=2),5000.0000,unet_lam0_seed2,unet_lam0
g2,normalized/condition,1.0000,0.2164,,pixel_mask(drop=0.25),5000.0000,unet_lam0_seed2,unet_lam0
g2,normalized/condition,0.9926,0.2433,,pixel_mask(drop=0.5),5000.0000,unet_lam0_seed2,unet_lam0
g2,normalized/condition,0.1880,0.1802,,pixel_mask(drop=0.75),5000.0000,unet_lam0_seed2,unet_lam0
g2,normalized/condition,0.9998,0.1295,,box_mask(size=8),5000.0000,unet_lam0_seed2,unet_lam0
g2,normalized/condition,0.5182,0.1207,,box_mask(size=14),5000.0000,unet_lam0_seed2,unet_lam0
g2,normalized/family,1.0000,0.1868,,noise,20000.0000,unet_lam0_seed2,unet_lam0
g2,normalized/family,0.9987,0.1614,,blur,20000.0000,unet_lam0_seed2,unet_lam0
g2,normalized/family,0.7269,0.2133,,pixel_mask,15000.0000,unet_lam0_seed2,unet_lam0
g2,normalized/family,0.7590,0.1251,,box_mask,10000.0000,unet_lam0_seed2,unet_lam0
q,normalized,0.9013,0.1712,2.0019,,,unet_lam0_seed2,unet_lam0
q,normalized/condition,1.0000,0.1629,,noise(sigma=0.1),5000.0000,unet_lam0_seed2,unet_lam0
q,normalized/condition,1.0000,0.1945,,noise(sigma=0.2),5000.0000,unet_lam0_seed2,unet_lam0
q,normalized/condition,1.0000,0.2041,,noise(sigma=0.3),5000.0000,unet_lam0_seed2,unet_lam0
q,normalized/condition,0.9562,0.1932,,noise(sigma=0.5),5000.0000,unet_lam0_seed2,unet_lam0
q,normalized/condition,1.0000,0.1527,,blur(std=0.5),5000.0000,unet_lam0_seed2,unet_lam0
q,normalized/condition,0.9984,0.1541,,blur(std=1),5000.0000,unet_lam0_seed2,unet_lam0
q,normalized/condition,0.9914,0.1483,,blur(std=1.5),5000.0000,unet_lam0_seed2,unet_lam0
q,normalized/condition,0.9538,0.1476,,blur(std=2),5000.0000,unet_lam0_seed2,unet_lam0
q,normalized/condition,0.9994,0.1888,,pixel_mask(drop=0.25),5000.0000,unet_lam0_seed2,unet_lam0
q,normalized/condition,0.7104,0.1873,,pixel_mask(drop=0.5),5000.0000,unet_lam0_seed2,unet_lam0
q,normalized/condition,0.4026,0.1923,,pixel_mask(drop=0.75),5000.0000,unet_lam0_seed2,unet_lam0
q,normalized/condition,1.0000,0.1503,,box_mask(size=8),5000.0000,unet_lam0_seed2,unet_lam0
q,normalized/condition,0.7048,0.1500,,box_mask(size=14),5000.0000,unet_lam0_seed2,unet_lam0
q,normalized/family,0.9890,0.1887,,noise,20000.0000,unet_lam0_seed2,unet_lam0
q,normalized/family,0.9859,0.1507,,blur,20000.0000,unet_lam0_seed2,unet_lam0
q,normalized/family,0.7041,0.1895,,pixel_mask,15000.0000,unet_lam0_seed2,unet_lam0
q,normalized/family,0.8524,0.1501,,box_mask,10000.0000,unet_lam0_seed2,unet_lam0
-,marginal,0.9019,0.1703,0.1703,,,unet_lam0_seed2,unet_lam0
-,severity,0.9015,0.1283,1.4983,,,unet_lam0_seed2,unet_lam0
g,normalized,0.9019,0.4142,1.4452,,,unet_lam1_seed0,unet_lam1
g,normalized/condition,0.9508,0.4332,,noise(sigma=0.1),5000.0000,unet_lam1_seed0,unet_lam1
g,normalized/condition,0.9538,0.4437,,noise(sigma=0.2),5000.0000,unet_lam1_seed0,unet_lam1
g,normalized/condition,0.9622,0.4586,,noise(sigma=0.3),5000.0000,unet_lam1_seed0,unet_lam1
g,normalized/condition,0.9758,0.4976,,noise(sigma=0.5),5000.0000,unet_lam1_seed0,unet_lam1
g,normalized/condition,0.9512,0.4265,,blur(std=0.5),5000.0000,unet_lam1_seed0,unet_lam1
g,normalized/condition,0.9550,0.4227,,blur(std=1),5000.0000,unet_lam1_seed0,unet_lam1
g,normalized/condition,0.9586,0.4198,,blur(std=1.5),5000.0000,unet_lam1_seed0,unet_lam1
g,normalized/condition,0.9598,0.4184,,blur(std=2),5000.0000,unet_lam1_seed0,unet_lam1
g,normalized/condition,0.8892,0.3915,,pixel_mask(drop=0.25),5000.0000,unet_lam1_seed0,unet_lam1
g,normalized/condition,0.7600,0.3496,,pixel_mask(drop=0.5),5000.0000,unet_lam1_seed0,unet_lam1
g,normalized/condition,0.5856,0.2967,,pixel_mask(drop=0.75),5000.0000,unet_lam1_seed0,unet_lam1
g,normalized/condition,0.9278,0.4190,,box_mask(size=8),5000.0000,unet_lam1_seed0,unet_lam1
g,normalized/condition,0.8950,0.4069,,box_mask(size=14),5000.0000,unet_lam1_seed0,unet_lam1
g,normalized/family,0.9607,0.4583,,noise,20000.0000,unet_lam1_seed0,unet_lam1
g,normalized/family,0.9562,0.4218,,blur,20000.0000,unet_lam1_seed0,unet_lam1
g,normalized/family,0.7449,0.3459,,pixel_mask,15000.0000,unet_lam1_seed0,unet_lam1
g,normalized/family,0.9114,0.4130,,box_mask,10000.0000,unet_lam1_seed0,unet_lam1
d,normalized,0.9023,0.4118,1.4344,,,unet_lam1_seed0,unet_lam1
d,normalized/condition,1.0000,0.4427,,noise(sigma=0.1),5000.0000,unet_lam1_seed0,unet_lam1
d,normalized/condition,1.0000,0.4783,,noise(sigma=0.2),5000.0000,unet_lam1_seed0,unet_lam1
d,normalized/condition,1.0000,0.5158,,noise(sigma=0.3),5000.0000,unet_lam1_seed0,unet_lam1
d,normalized/condition,1.0000,0.5993,,noise(sigma=0.5),5000.0000,unet_lam1_seed0,unet_lam1
d,normalized/condition,1.0000,0.4169,,blur(std=0.5),5000.0000,unet_lam1_seed0,unet_lam1
d,normalized/condition,1.0000,0.4144,,blur(std=1),5000.0000,unet_lam1_seed0,unet_lam1
d,normalized/condition,1.0000,0.4112,,blur(std=1.5),5000.0000,unet_lam1_seed0,unet_lam1
d,normalized/condition,1.0000,0.4079,,blur(std=2),5000.0000,unet_lam1_seed0,unet_lam1
d,normalized/condition,0.9420,0.3656,,pixel_mask(drop=0.25),5000.0000,unet_lam1_seed0,unet_lam1
d,normalized/condition,0.5900,0.3130,,pixel_mask(drop=0.5),5000.0000,unet_lam1_seed0,unet_lam1
d,normalized/condition,0.4662,0.2517,,pixel_mask(drop=0.75),5000.0000,unet_lam1_seed0,unet_lam1
d,normalized/condition,0.9808,0.3957,,box_mask(size=8),5000.0000,unet_lam1_seed0,unet_lam1
d,normalized/condition,0.7512,0.3416,,box_mask(size=14),5000.0000,unet_lam1_seed0,unet_lam1
d,normalized/family,1.0000,0.5090,,noise,20000.0000,unet_lam1_seed0,unet_lam1
d,normalized/family,1.0000,0.4126,,blur,20000.0000,unet_lam1_seed0,unet_lam1
d,normalized/family,0.6661,0.3101,,pixel_mask,15000.0000,unet_lam1_seed0,unet_lam1
d,normalized/family,0.8660,0.3686,,box_mask,10000.0000,unet_lam1_seed0,unet_lam1
r_A,normalized,0.9023,0.4118,1.4344,,,unet_lam1_seed0,unet_lam1
r_A,normalized/condition,1.0000,0.4427,,noise(sigma=0.1),5000.0000,unet_lam1_seed0,unet_lam1
r_A,normalized/condition,1.0000,0.4783,,noise(sigma=0.2),5000.0000,unet_lam1_seed0,unet_lam1
r_A,normalized/condition,1.0000,0.5158,,noise(sigma=0.3),5000.0000,unet_lam1_seed0,unet_lam1
r_A,normalized/condition,1.0000,0.5993,,noise(sigma=0.5),5000.0000,unet_lam1_seed0,unet_lam1
r_A,normalized/condition,1.0000,0.4169,,blur(std=0.5),5000.0000,unet_lam1_seed0,unet_lam1
r_A,normalized/condition,1.0000,0.4144,,blur(std=1),5000.0000,unet_lam1_seed0,unet_lam1
r_A,normalized/condition,1.0000,0.4112,,blur(std=1.5),5000.0000,unet_lam1_seed0,unet_lam1
r_A,normalized/condition,1.0000,0.4079,,blur(std=2),5000.0000,unet_lam1_seed0,unet_lam1
r_A,normalized/condition,0.9420,0.3656,,pixel_mask(drop=0.25),5000.0000,unet_lam1_seed0,unet_lam1
r_A,normalized/condition,0.5900,0.3130,,pixel_mask(drop=0.5),5000.0000,unet_lam1_seed0,unet_lam1
r_A,normalized/condition,0.4662,0.2517,,pixel_mask(drop=0.75),5000.0000,unet_lam1_seed0,unet_lam1
r_A,normalized/condition,0.9808,0.3957,,box_mask(size=8),5000.0000,unet_lam1_seed0,unet_lam1
r_A,normalized/condition,0.7512,0.3416,,box_mask(size=14),5000.0000,unet_lam1_seed0,unet_lam1
r_A,normalized/family,1.0000,0.5090,,noise,20000.0000,unet_lam1_seed0,unet_lam1
r_A,normalized/family,1.0000,0.4126,,blur,20000.0000,unet_lam1_seed0,unet_lam1
r_A,normalized/family,0.6661,0.3101,,pixel_mask,15000.0000,unet_lam1_seed0,unet_lam1
r_A,normalized/family,0.8660,0.3686,,box_mask,10000.0000,unet_lam1_seed0,unet_lam1
g2,normalized,0.9054,0.4638,1.6047,,,unet_lam1_seed0,unet_lam1
g2,normalized/condition,0.9054,0.4638,,noise(sigma=0.1),5000.0000,unet_lam1_seed0,unet_lam1
g2,normalized/condition,0.9054,0.4638,,noise(sigma=0.2),5000.0000,unet_lam1_seed0,unet_lam1
g2,normalized/condition,0.9054,0.4638,,noise(sigma=0.3),5000.0000,unet_lam1_seed0,unet_lam1
g2,normalized/condition,0.9054,0.4638,,noise(sigma=0.5),5000.0000,unet_lam1_seed0,unet_lam1
g2,normalized/condition,0.9054,0.4638,,blur(std=0.5),5000.0000,unet_lam1_seed0,unet_lam1
g2,normalized/condition,0.9054,0.4638,,blur(std=1),5000.0000,unet_lam1_seed0,unet_lam1
g2,normalized/condition,0.9054,0.4638,,blur(std=1.5),5000.0000,unet_lam1_seed0,unet_lam1
g2,normalized/condition,0.9054,0.4638,,blur(std=2),5000.0000,unet_lam1_seed0,unet_lam1
g2,normalized/condition,0.9054,0.4638,,pixel_mask(drop=0.25),5000.0000,unet_lam1_seed0,unet_lam1
g2,normalized/condition,0.9054,0.4638,,pixel_mask(drop=0.5),5000.0000,unet_lam1_seed0,unet_lam1
g2,normalized/condition,0.9054,0.4638,,pixel_mask(drop=0.75),5000.0000,unet_lam1_seed0,unet_lam1
g2,normalized/condition,0.9054,0.4638,,box_mask(size=8),5000.0000,unet_lam1_seed0,unet_lam1
g2,normalized/condition,0.9054,0.4638,,box_mask(size=14),5000.0000,unet_lam1_seed0,unet_lam1
g2,normalized/family,0.9054,0.4638,,noise,20000.0000,unet_lam1_seed0,unet_lam1
g2,normalized/family,0.9054,0.4638,,blur,20000.0000,unet_lam1_seed0,unet_lam1
g2,normalized/family,0.9054,0.4638,,pixel_mask,15000.0000,unet_lam1_seed0,unet_lam1
g2,normalized/family,0.9054,0.4638,,box_mask,10000.0000,unet_lam1_seed0,unet_lam1
-,marginal,0.9054,0.4638,0.4638,,,unet_lam1_seed0,unet_lam1
-,severity,0.9054,0.4638,1.6047,,,unet_lam1_seed0,unet_lam1
g,normalized,0.9008,0.1804,2.1366,,,unet_lam1w5_seed0,unet_lam1w5
g,normalized/condition,0.9998,0.1614,,noise(sigma=0.1),5000.0000,unet_lam1w5_seed0,unet_lam1w5
g,normalized/condition,1.0000,0.1608,,noise(sigma=0.2),5000.0000,unet_lam1w5_seed0,unet_lam1w5
g,normalized/condition,1.0000,0.1809,,noise(sigma=0.3),5000.0000,unet_lam1w5_seed0,unet_lam1w5
g,normalized/condition,1.0000,0.2483,,noise(sigma=0.5),5000.0000,unet_lam1w5_seed0,unet_lam1w5
g,normalized/condition,0.9998,0.1575,,blur(std=0.5),5000.0000,unet_lam1w5_seed0,unet_lam1w5
g,normalized/condition,0.9996,0.1925,,blur(std=1),5000.0000,unet_lam1w5_seed0,unet_lam1w5
g,normalized/condition,0.9994,0.2009,,blur(std=1.5),5000.0000,unet_lam1w5_seed0,unet_lam1w5
g,normalized/condition,0.9992,0.2052,,blur(std=2),5000.0000,unet_lam1w5_seed0,unet_lam1w5
g,normalized/condition,1.0000,0.1816,,pixel_mask(drop=0.25),5000.0000,unet_lam1w5_seed0,unet_lam1w5
g,normalized/condition,0.7406,0.1873,,pixel_mask(drop=0.5),5000.0000,unet_lam1w5_seed0,unet_lam1w5
g,normalized/condition,0.2578,0.1648,,pixel_mask(drop=0.75),5000.0000,unet_lam1w5_seed0,unet_lam1w5
g,normalized/condition,1.0000,0.1571,,box_mask(size=8),5000.0000,unet_lam1w5_seed0,unet_lam1w5
g,normalized/condition,0.7140,0.1464,,box_mask(size=14),5000.0000,unet_lam1w5_seed0,unet_lam1w5
g,normalized/family,1.0000,0.1879,,noise,20000.0000,unet_lam1w5_seed0,unet_lam1w5
g,normalized/family,0.9995,0.1890,,blur,20000.0000,unet_lam1w5_seed0,unet_lam1w5
g,normalized/family,0.6661,0.1779,,pixel_mask,15000.0000,unet_lam1w5_seed0,unet_lam1w5
g,normalized/family,0.8570,0.1517,,box_mask,10000.0000,unet_lam1w5_seed0,unet_lam1w5
d,normalized,0.9006,0.1725,2.0402,,,unet_lam1w5_seed0,unet_lam1w5
d,normalized/condition,1.0000,0.1663,,noise(sigma=0.1),5000.0000,unet_lam1w5_seed0,unet_lam1w5
d,normalized/condition,1.0000,0.2147,,noise(sigma=0.2),5000.0000,unet_lam1w5_seed0,unet_lam1w5
d,normalized/condition,1.0000,0.2147,,noise(sigma=0.3),5000.0000,unet_lam1w5_seed0,unet_lam1w5
d,normalized/condition,0.9998,0.2147,,noise(sigma=0.5),5000.0000,unet_lam1w5_seed0,unet_lam1w5
d,normalized/condition,1.0000,0.1425,,blur(std=0.5),5000.0000,unet_lam1w5_seed0,unet_lam1w5
d,normalized/condition,0.9992,0.1435,,blur(std=1),5000.0000,unet_lam1w5_seed0,unet_lam1w5
d,normalized/condition,0.9918,0.1449,,blur(std=1.5),5000.0000,unet_lam1w5_seed0,unet_lam1w5
d,normalized/condition,0.9530,0.1436,,blur(std=2),5000.0000,unet_lam1w5_seed0,unet_lam1w5
d,normalized/condition,1.0000,0.1883,,pixel_mask(drop=0.25),5000.0000,unet_lam1w5_seed0,unet_lam1w5
d,normalized/condition,0.7892,0.1946,,pixel_mask(drop=0.5),5000.0000,unet_lam1w5_seed0,unet_lam1w5
d,normalized/condition,0.2846,0.1801,,pixel_mask(drop=0.75),5000.0000,unet_lam1w5_seed0,unet_lam1w5
d,normalized/condition,1.0000,0.1509,,box_mask(size=8),5000.0000,unet_lam1w5_seed0,unet_lam1w5
d,normalized/condition,0.6908,0.1432,,box_mask(size=14),5000.0000,unet_lam1w5_seed0,unet_lam1w5
d,normalized/family,1.0000,0.2026,,noise,20000.0000,unet_lam1w5_seed0,unet_lam1w5
d,normalized/family,0.9860,0.1436,,blur,20000.0000,unet_lam1w5_seed0,unet_lam1w5
d,normalized/family,0.6913,0.1877,,pixel_mask,15000.0000,unet_lam1w5_seed0,unet_lam1w5
d,normalized/family,0.8454,0.1471,,box_mask,10000.0000,unet_lam1w5_seed0,unet_lam1w5
r_A,normalized,0.9017,0.1761,2.0847,,,unet_lam1w5_seed0,unet_lam1w5
r_A,normalized/condition,1.0000,0.2039,,noise(sigma=0.1),5000.0000,unet_lam1w5_seed0,unet_lam1w5
r_A,normalized/condition,1.0000,0.2039,,noise(sigma=0.2),5000.0000,unet_lam1w5_seed0,unet_lam1w5
r_A,normalized/condition,1.0000,0.2039,,noise(sigma=0.3),5000.0000,unet_lam1w5_seed0,unet_lam1w5
r_A,normalized/condition,0.9988,0.2039,,noise(sigma=0.5),5000.0000,unet_lam1w5_seed0,unet_lam1w5
r_A,normalized/condition,1.0000,0.1335,,blur(std=0.5),5000.0000,unet_lam1w5_seed0,unet_lam1w5
r_A,normalized/condition,0.9992,0.1479,,blur(std=1),5000.0000,unet_lam1w5_seed0,unet_lam1w5
r_A,normalized/condition,0.9976,0.1698,,blur(std=1.5),5000.0000,unet_lam1w5_seed0,unet_lam1w5
r_A,normalized/condition,0.9964,0.1818,,blur(std=2),5000.0000,unet_lam1w5_seed0,unet_lam1w5
r_A,normalized/condition,1.0000,0.1948,,pixel_mask(drop=0.25),5000.0000,unet_lam1w5_seed0,unet_lam1w5
r_A,normalized/condition,0.7450,0.1957,,pixel_mask(drop=0.5),5000.0000,unet_lam1w5_seed0,unet_lam1w5
r_A,normalized/condition,0.3606,0.1825,,pixel_mask(drop=0.75),5000.0000,unet_lam1w5_seed0,unet_lam1w5
r_A,normalized/condition,1.0000,0.1359,,box_mask(size=8),5000.0000,unet_lam1w5_seed0,unet_lam1w5
r_A,normalized/condition,0.6248,0.1318,,box_mask(size=14),5000.0000,unet_lam1w5_seed0,unet_lam1w5
r_A,normalized/family,0.9997,0.2039,,noise,20000.0000,unet_lam1w5_seed0,unet_lam1w5
r_A,normalized/family,0.9983,0.1583,,blur,20000.0000,unet_lam1w5_seed0,unet_lam1w5
r_A,normalized/family,0.7019,0.1910,,pixel_mask,15000.0000,unet_lam1w5_seed0,unet_lam1w5
r_A,normalized/family,0.8124,0.1339,,box_mask,10000.0000,unet_lam1w5_seed0,unet_lam1w5
dis,normalized,0.9014,0.1727,2.0414,,,unet_lam1w5_seed0,unet_lam1w5
dis,normalized/condition,1.0000,0.1492,,noise(sigma=0.1),5000.0000,unet_lam1w5_seed0,unet_lam1w5
dis,normalized/condition,1.0000,0.1730,,noise(sigma=0.2),5000.0000,unet_lam1w5_seed0,unet_lam1w5
dis,normalized/condition,1.0000,0.2267,,noise(sigma=0.3),5000.0000,unet_lam1w5_seed0,unet_lam1w5
dis,normalized/condition,1.0000,0.2809,,noise(sigma=0.5),5000.0000,unet_lam1w5_seed0,unet_lam1w5
dis,normalized/condition,1.0000,0.1264,,blur(std=0.5),5000.0000,unet_lam1w5_seed0,unet_lam1w5
dis,normalized/condition,0.9988,0.1335,,blur(std=1),5000.0000,unet_lam1w5_seed0,unet_lam1w5
dis,normalized/condition,0.9920,0.1371,,blur(std=1.5),5000.0000,unet_lam1w5_seed0,unet_lam1w5
dis,normalized/condition,0.9558,0.1379,,blur(std=2),5000.0000,unet_lam1w5_seed0,unet_lam1w5
dis,normalized/condition,1.0000,0.2130,,pixel_mask(drop=0.25),5000.0000,unet_lam1w5_seed0,unet_lam1w5
dis,normalized/condition,0.9684,0.2208,,pixel_mask(drop=0.5),5000.0000,unet_lam1w5_seed0,unet_lam1w5
dis,normalized/condition,0.2140,0.1865,,pixel_mask(drop=0.75),5000.0000,unet_lam1w5_seed0,unet_lam1w5
dis,normalized/condition,1.0000,0.1343,,box_mask(size=8),5000.0000,unet_lam1w5_seed0,unet_lam1w5
dis,normalized/condition,0.5896,0.1255,,box_mask(size=14),5000.0000,unet_lam1w5_seed0,unet_lam1w5
dis,normalized/family,1.0000,0.2075,,noise,20000.0000,unet_lam1w5_seed0,unet_lam1w5
dis,normalized/family,0.9867,0.1337,,blur,20000.0000,unet_lam1w5_seed0,unet_lam1w5
dis,normalized/family,0.7275,0.2068,,pixel_mask,15000.0000,unet_lam1w5_seed0,unet_lam1w5
dis,normalized/family,0.7948,0.1299,,box_mask,10000.0000,unet_lam1w5_seed0,unet_lam1w5
g2,normalized,0.9018,0.1837,2.1706,,,unet_lam1w5_seed0,unet_lam1w5
g2,normalized/condition,1.0000,0.1657,,noise(sigma=0.1),5000.0000,unet_lam1w5_seed0,unet_lam1w5
g2,normalized/condition,1.0000,0.1633,,noise(sigma=0.2),5000.0000,unet_lam1w5_seed0,unet_lam1w5
g2,normalized/condition,1.0000,0.1776,,noise(sigma=0.3),5000.0000,unet_lam1w5_seed0,unet_lam1w5
g2,normalized/condition,1.0000,0.2103,,noise(sigma=0.5),5000.0000,unet_lam1w5_seed0,unet_lam1w5
g2,normalized/condition,1.0000,0.1746,,blur(std=0.5),5000.0000,unet_lam1w5_seed0,unet_lam1w5
g2,normalized/condition,1.0000,0.2096,,blur(std=1),5000.0000,unet_lam1w5_seed0,unet_lam1w5
g2,normalized/condition,0.9998,0.2151,,blur(std=1.5),5000.0000,unet_lam1w5_seed0,unet_lam1w5
g2,normalized/condition,0.9996,0.2208,,blur(std=2),5000.0000,unet_lam1w5_seed0,unet_lam1w5
g2,normalized/condition,1.0000,0.1806,,pixel_mask(drop=0.25),5000.0000,unet_lam1w5_seed0,unet_lam1w5
g2,normalized/condition,0.6906,0.1809,,pixel_mask(drop=0.5),5000.0000,unet_lam1w5_seed0,unet_lam1w5
g2,normalized/condition,0.2682,0.1677,,pixel_mask(drop=0.75),5000.0000,unet_lam1w5_seed0,unet_lam1w5
g2,normalized/condition,1.0000,0.1664,,box_mask(size=8),5000.0000,unet_lam1w5_seed0,unet_lam1w5
g2,normalized/condition,0.7654,0.1552,,box_mask(size=14),5000.0000,unet_lam1w5_seed0,unet_lam1w5
g2,normalized/family,1.0000,0.1792,,noise,20000.0000,unet_lam1w5_seed0,unet_lam1w5
g2,normalized/family,0.9999,0.2050,,blur,20000.0000,unet_lam1w5_seed0,unet_lam1w5
g2,normalized/family,0.6529,0.1764,,pixel_mask,15000.0000,unet_lam1w5_seed0,unet_lam1w5
g2,normalized/family,0.8827,0.1608,,box_mask,10000.0000,unet_lam1w5_seed0,unet_lam1w5
q,normalized,0.9009,0.1672,1.9772,,,unet_lam1w5_seed0,unet_lam1w5
q,normalized/condition,0.9998,0.1706,,noise(sigma=0.1),5000.0000,unet_lam1w5_seed0,unet_lam1w5
q,normalized/condition,0.9998,0.1716,,noise(sigma=0.2),5000.0000,unet_lam1w5_seed0,unet_lam1w5
q,normalized/condition,1.0000,0.1773,,noise(sigma=0.3),5000.0000,unet_lam1w5_seed0,unet_lam1w5
q,normalized/condition,0.9984,0.2094,,noise(sigma=0.5),5000.0000,unet_lam1w5_seed0,unet_lam1w5
q,normalized/condition,0.9998,0.1526,,blur(std=0.5),5000.0000,unet_lam1w5_seed0,unet_lam1w5
q,normalized/condition,0.9992,0.1451,,blur(std=1),5000.0000,unet_lam1w5_seed0,unet_lam1w5
q,normalized/condition,0.9920,0.1450,,blur(std=1.5),5000.0000,unet_lam1w5_seed0,unet_lam1w5
q,normalized/condition,0.9460,0.1454,,blur(std=2),5000.0000,unet_lam1w5_seed0,unet_lam1w5
q,normalized/condition,0.9992,0.1759,,pixel_mask(drop=0.25),5000.0000,unet_lam1w5_seed0,unet_lam1w5
q,normalized/condition,0.6524,0.1812,,pixel_mask(drop=0.5),5000.0000,unet_lam1w5_seed0,unet_lam1w5
q,normalized/condition,0.3300,0.1738,,pixel_mask(drop=0.75),5000.0000,unet_lam1w5_seed0,unet_lam1w5
q,normalized/condition,0.9998,0.1635,,box_mask(size=8),5000.0000,unet_lam1w5_seed0,unet_lam1w5
q,normalized/condition,0.7950,0.1623,,box_mask(size=14),5000.0000,unet_lam1w5_seed0,unet_lam1w5
q,normalized/family,0.9995,0.1822,,noise,20000.0000,unet_lam1w5_seed0,unet_lam1w5
q,normalized/family,0.9842,0.1470,,blur,20000.0000,unet_lam1w5_seed0,unet_lam1w5
q,normalized/family,0.6605,0.1770,,pixel_mask,15000.0000,unet_lam1w5_seed0,unet_lam1w5
q,normalized/family,0.8974,0.1629,,box_mask,10000.0000,unet_lam1w5_seed0,unet_lam1w5
-,marginal,0.9018,0.1697,0.1697,,,unet_lam1w5_seed0,unet_lam1w5
-,severity,0.9014,0.1265,1.4945,,,unet_lam1w5_seed0,unet_lam1w5
g,normalized,0.9009,0.1811,2.1383,,,unet_lam1w5_seed1,unet_lam1w5
g,normalized/condition,1.0000,0.1586,,noise(sigma=0.1),5000.0000,unet_lam1w5_seed1,unet_lam1w5
g,normalized/condition,1.0000,0.1603,,noise(sigma=0.2),5000.0000,unet_lam1w5_seed1,unet_lam1w5
g,normalized/condition,1.0000,0.1879,,noise(sigma=0.3),5000.0000,unet_lam1w5_seed1,unet_lam1w5
g,normalized/condition,0.9998,0.2553,,noise(sigma=0.5),5000.0000,unet_lam1w5_seed1,unet_lam1w5
g,normalized/condition,0.9998,0.1532,,blur(std=0.5),5000.0000,unet_lam1w5_seed1,unet_lam1w5
g,normalized/condition,1.0000,0.1885,,blur(std=1),5000.0000,unet_lam1w5_seed1,unet_lam1w5
g,normalized/condition,0.9994,0.1992,,blur(std=1.5),5000.0000,unet_lam1w5_seed1,unet_lam1w5
g,normalized/condition,0.9992,0.2059,,blur(std=2),5000.0000,unet_lam1w5_seed1,unet_lam1w5
g,normalized/condition,0.9998,0.1912,,pixel_mask(drop=0.25),5000.0000,unet_lam1w5_seed1,unet_lam1w5
g,normalized/condition,0.7796,0.1918,,pixel_mask(drop=0.5),5000.0000,unet_lam1w5_seed1,unet_lam1w5
g,normalized/condition,0.2510,0.1665,,pixel_mask(drop=0.75),5000.0000,unet_lam1w5_seed1,unet_lam1w5
g,normalized/condition,1.0000,0.1530,,box_mask(size=8),5000.0000,unet_lam1w5_seed1,unet_lam1w5
g,normalized/condition,0.6830,0.1424,,box_mask(size=14),5000.0000,unet_lam1w5_seed1,unet_lam1w5
g,normalized/family,1.0000,0.1905,,noise,20000.0000,unet_lam1w5_seed1,unet_lam1w5
g,normalized/family,0.9996,0.1867,,blur,20000.0000,unet_lam1w5_seed1,unet_lam1w5
g,normalized/family,0.6768,0.1832,,pixel_mask,15000.0000,unet_lam1w5_seed1,unet_lam1w5
g,normalized/family,0.8415,0.1477,,box_mask,10000.0000,unet_lam1w5_seed1,unet_lam1w5
d,normalized,0.9011,0.1724,2.0322,,,unet_lam1w5_seed1,unet_lam1w5
d,normalized/condition,1.0000,0.1676,,noise(sigma=0.1),5000.0000,unet_lam1w5_seed1,unet_lam1w5
d,normalized/condition,1.0000,0.2152,,noise(sigma=0.2),5000.0000,unet_lam1w5_seed1,unet_lam1w5
d,normalized/condition,1.0000,0.2152,,noise(sigma=0.3),5000.0000,unet_lam1w5_seed1,unet_lam1w5
d,normalized/condition,0.9994,0.2152,,noise(sigma=0.5),5000.0000,unet_lam1w5_seed1,unet_lam1w5
d,normalized/condition,1.0000,0.1432,,blur(std=0.5),5000.0000,unet_lam1w5_seed1,unet_lam1w5
d,normalized/condition,0.9992,0.1429,,blur(std=1),5000.0000,unet_lam1w5_seed1,unet_lam1w5
d,normalized/condition,0.9928,0.1440,,blur(std=1.5),5000.0000,unet_lam1w5_seed1,unet_lam1w5
d,normalized/condition,0.9550,0.1430,,blur(std=2),5000.0000,unet_lam1w5_seed1,unet_lam1w5
d,normalized/condition,1.0000,0.1881,,pixel_mask(drop=0.25),5000.0000,unet_lam1w5_seed1,unet_lam1w5
d,normalized/condition,0.7888,0.1949,,pixel_mask(drop=0.5),5000.0000,unet_lam1w5_seed1,unet_lam1w5
d,normalized/condition,0.2902,0.1799,,pixel_mask(drop=0.75),5000.0000,unet_lam1w5_seed1,unet_lam1w5
d,normalized/condition,1.0000,0.1497,,box_mask(size=8),5000.0000,unet_lam1w5_seed1,unet_lam1w5
d,normalized/condition,0.6884,0.1425,,box_mask(size=14),5000.0000,unet_lam1w5_seed1,unet_lam1w5
d,normalized/family,0.9999,0.2033,,noise,20000.0000,unet_lam1w5_seed1,unet_lam1w5
d,normalized/family,0.9868,0.1433,,blur,20000.0000,unet_lam1w5_seed1,unet_lam1w5
d,normalized/family,0.6930,0.1876,,pixel_mask,15000.0000,unet_lam1w5_seed1,unet_lam1w5
d,normalized/family,0.8442,0.1461,,box_mask,10000.0000,unet_lam1w5_seed1,unet_lam1w5
r_A,normalized,0.9016,0.1769,2.0861,,,unet_lam1w5_seed1,unet_lam1w5
r_A,normalized/condition,1.0000,0.2052,,noise(sigma=0.1),5000.0000,unet_lam1w5_seed1,unet_lam1w5
r_A,normalized/condition,1.0000,0.2052,,noise(sigma=0.2),5000.0000,unet_lam1w5_seed1,unet_lam1w5
r_A,normalized/condition,1.0000,0.2052,,noise(sigma=0.3),5000.0000,unet_lam1w5_seed1,unet_lam1w5
r_A,normalized/condition,0.9990,0.2052,,noise(sigma=0.5),5000.0000,unet_lam1w5_seed1,unet_lam1w5
r_A,normalized/condition,1.0000,0.1346,,blur(std=0.5),5000.0000,unet_lam1w5_seed1,unet_lam1w5
r_A,normalized/condition,0.9996,0.1494,,blur(std=1),5000.0000,unet_lam1w5_seed1,unet_lam1w5
r_A,normalized/condition,0.9976,0.1699,,blur(std=1.5),5000.0000,unet_lam1w5_seed1,unet_lam1w5
r_A,normalized/condition,0.9962,0.1814,,blur(std=2),5000.0000,unet_lam1w5_seed1,unet_lam1w5
r_A,normalized/condition,1.0000,0.1949,,pixel_mask(drop=0.25),5000.0000,unet_lam1w5_seed1,unet_lam1w5
r_A,normalized/condition,0.7536,0.1964,,pixel_mask(drop=0.5),5000.0000,unet_lam1w5_seed1,unet_lam1w5
r_A,normalized/condition,0.3470,0.1824,,pixel_mask(drop=0.75),5000.0000,unet_lam1w5_seed1,unet_lam1w5
r_A,normalized/condition,1.0000,0.1367,,box_mask(size=8),5000.0000,unet_lam1w5_seed1,unet_lam1w5
r_A,normalized/condition,0.6278,0.1325,,box_mask(size=14),5000.0000,unet_lam1w5_seed1,unet_lam1w5
r_A,normalized/family,0.9998,0.2052,,noise,20000.0000,unet_lam1w5_seed1,unet_lam1w5
r_A,normalized/family,0.9983,0.1588,,blur,20000.0000,unet_lam1w5_seed1,unet_lam1w5
r_A,normalized/family,0.7002,0.1912,,pixel_mask,15000.0000,unet_lam1w5_seed1,unet_lam1w5
r_A,normalized/family,0.8139,0.1346,,box_mask,10000.0000,unet_lam1w5_seed1,unet_lam1w5
dis,normalized,0.9012,0.1731,2.0387,,,unet_lam1w5_seed1,unet_lam1w5
dis,normalized/condition,1.0000,0.1488,,noise(sigma=0.1),5000.0000,unet_lam1w5_seed1,unet_lam1w5
dis,normalized/condition,1.0000,0.1728,,noise(sigma=0.2),5000.0000,unet_lam1w5_seed1,unet_lam1w5
dis,normalized/condition,1.0000,0.2279,,noise(sigma=0.3),5000.0000,unet_lam1w5_seed1,unet_lam1w5
dis,normalized/condition,1.0000,0.2849,,noise(sigma=0.5),5000.0000,unet_lam1w5_seed1,unet_lam1w5
dis,normalized/condition,1.0000,0.1261,,blur(std=0.5),5000.0000,unet_lam1w5_seed1,unet_lam1w5
dis,normalized/condition,0.9988,0.1331,,blur(std=1),5000.0000,unet_lam1w5_seed1,unet_lam1w5
dis,normalized/condition,0.9920,0.1368,,blur(std=1.5),5000.0000,unet_lam1w5_seed1,unet_lam1w5
dis,normalized/condition,0.9546,0.1375,,blur(std=2),5000.0000,unet_lam1w5_seed1,unet_lam1w5
dis,normalized/condition,1.0000,0.2139,,pixel_mask(drop=0.25),5000.0000,unet_lam1w5_seed1,unet_lam1w5
dis,normalized/condition,0.9710,0.2222,,pixel_mask(drop=0.5),5000.0000,unet_lam1w5_seed1,unet_lam1w5
dis,normalized/condition,0.2124,0.1870,,pixel_mask(drop=0.75),5000.0000,unet_lam1w5_seed1,unet_lam1w5
dis,normalized/condition,1.0000,0.1340,,box_mask(size=8),5000.0000,unet_lam1w5_seed1,unet_lam1w5
dis,normalized/condition,0.5866,0.1253,,box_mask(size=14),5000.0000,unet_lam1w5_seed1,unet_lam1w5
dis,normalized/family,1.0000,0.2086,,noise,20000.0000,unet_lam1w5_seed1,unet_lam1w5
dis,normalized/family,0.9863,0.1334,,blur,20000.0000,unet_lam1w5_seed1,unet_lam1w5
dis,normalized/family,0.7278,0.2077,,pixel_mask,15000.0000,unet_lam1w5_seed1,unet_lam1w5
dis,normalized/family,0.7933,0.1296,,box_mask,10000.0000,unet_lam1w5_seed1,unet_lam1w5
g2,normalized,0.9018,0.1857,2.1875,,,unet_lam1w5_seed1,unet_lam1w5
g2,normalized/condition,1.0000,0.1642,,noise(sigma=0.1),5000.0000,unet_lam1w5_seed1,unet_lam1w5
g2,normalized/condition,1.0000,0.1630,,noise(sigma=0.2),5000.0000,unet_lam1w5_seed1,unet_lam1w5
g2,normalized/condition,1.0000,0.1810,,noise(sigma=0.3),5000.0000,unet_lam1w5_seed1,unet_lam1w5
g2,normalized/condition,0.9996,0.2214,,noise(sigma=0.5),5000.0000,unet_lam1w5_seed1,unet_lam1w5
g2,normalized/condition,1.0000,0.1706,,blur(std=0.5),5000.0000,unet_lam1w5_seed1,unet_lam1w5
g2,normalized/condition,1.0000,0.2122,,blur(std=1),5000.0000,unet_lam1w5_seed1,unet_lam1w5
g2,normalized/condition,0.9998,0.2200,,blur(std=1.5),5000.0000,unet_lam1w5_seed1,unet_lam1w5
g2,normalized/condition,0.9998,0.2264,,blur(std=2),5000.0000,unet_lam1w5_seed1,unet_lam1w5
g2,normalized/condition,1.0000,0.1848,,pixel_mask(drop=0.25),5000.0000,unet_lam1w5_seed1,unet_lam1w5
g2,normalized/condition,0.7156,0.1841,,pixel_mask(drop=0.5),5000.0000,unet_lam1w5_seed1,unet_lam1w5
g2,normalized/condition,0.2666,0.1697,,pixel_mask(drop=0.75),5000.0000,unet_lam1w5_seed1,unet_lam1w5
g2,normalized/condition,1.0000,0.1640,,box_mask(size=8),5000.0000,unet_lam1w5_seed1,unet_lam1w5
g2,normalized/condition,0.7426,0.1526,,box_mask(size=14),5000.0000,unet_lam1w5_seed1,unet_lam1w5
g2,normalized/family,0.9999,0.1824,,noise,20000.0000,unet_lam1w5_seed1,unet_lam1w5
g2,normalized/family,0.9999,0.2073,,blur,20000.0000,unet_lam1w5_seed1,unet_lam1w5
g2,normalized/family,0.6607,0.1795,,pixel_mask,15000.0000,unet_lam1w5_seed1,unet_lam1w5
g2,normalized/family,0.8713,0.1583,,box_mask,10000.0000,unet_lam1w5_seed1,unet_lam1w5
q,normalized,0.9021,0.1687,1.9873,,,unet_lam1w5_seed1,unet_lam1w5
q,normalized/condition,0.9998,0.1713,,noise(sigma=0.1),5000.0000,unet_lam1w5_seed1,unet_lam1w5
q,normalized/condition,0.9998,0.1737,,noise(sigma=0.2),5000.0000,unet_lam1w5_seed1,unet_lam1w5
q,normalized/condition,1.0000,0.1829,,noise(sigma=0.3),5000.0000,unet_lam1w5_seed1,unet_lam1w5
q,normalized/condition,0.9982,0.2116,,noise(sigma=0.5),5000.0000,unet_lam1w5_seed1,unet_lam1w5
q,normalized/condition,0.9998,0.1536,,blur(std=0.5),5000.0000,unet_lam1w5_seed1,unet_lam1w5
q,normalized/condition,0.9992,0.1456,,blur(std=1),5000.0000,unet_lam1w5_seed1,unet_lam1w5
q,normalized/condition,0.9924,0.1451,,blur(std=1.5),5000.0000,unet_lam1w5_seed1,unet_lam1w5
q,normalized/condition,0.9470,0.1454,,blur(std=2),5000.0000,unet_lam1w5_seed1,unet_lam1w5
q,normalized/condition,1.0000,0.1819,,pixel_mask(drop=0.25),5000.0000,unet_lam1w5_seed1,unet_lam1w5
q,normalized/condition,0.6618,0.1830,,pixel_mask(drop=0.5),5000.0000,unet_lam1w5_seed1,unet_lam1w5
q,normalized/condition,0.3364,0.1751,,pixel_mask(drop=0.75),5000.0000,unet_lam1w5_seed1,unet_lam1w5
q,normalized/condition,1.0000,0.1621,,box_mask(size=8),5000.0000,unet_lam1w5_seed1,unet_lam1w5
q,normalized/condition,0.7926,0.1612,,box_mask(size=14),5000.0000,unet_lam1w5_seed1,unet_lam1w5
q,normalized/family,0.9994,0.1849,,noise,20000.0000,unet_lam1w5_seed1,unet_lam1w5
q,normalized/family,0.9846,0.1474,,blur,20000.0000,unet_lam1w5_seed1,unet_lam1w5
q,normalized/family,0.6661,0.1800,,pixel_mask,15000.0000,unet_lam1w5_seed1,unet_lam1w5
q,normalized/family,0.8963,0.1617,,box_mask,10000.0000,unet_lam1w5_seed1,unet_lam1w5
-,marginal,0.9018,0.1698,0.1698,,,unet_lam1w5_seed1,unet_lam1w5
-,severity,0.9017,0.1271,1.4956,,,unet_lam1w5_seed1,unet_lam1w5
g,normalized,0.9026,0.1836,2.1834,,,unet_lam1w5_seed2,unet_lam1w5
g,normalized/condition,1.0000,0.1595,,noise(sigma=0.1),5000.0000,unet_lam1w5_seed2,unet_lam1w5
g,normalized/condition,1.0000,0.1580,,noise(sigma=0.2),5000.0000,unet_lam1w5_seed2,unet_lam1w5
g,normalized/condition,1.0000,0.1860,,noise(sigma=0.3),5000.0000,unet_lam1w5_seed2,unet_lam1w5
g,normalized/condition,1.0000,0.2495,,noise(sigma=0.5),5000.0000,unet_lam1w5_seed2,unet_lam1w5
g,normalized/condition,0.9998,0.1567,,blur(std=0.5),5000.0000,unet_lam1w5_seed2,unet_lam1w5
g,normalized/condition,1.0000,0.1954,,blur(std=1),5000.0000,unet_lam1w5_seed2,unet_lam1w5
g,normalized/condition,0.9998,0.2067,,blur(std=1.5),5000.0000,unet_lam1w5_seed2,unet_lam1w5
g,normalized/condition,0.9994,0.2119,,blur(std=2),5000.0000,unet_lam1w5_seed2,unet_lam1w5
g,normalized/condition,0.9996,0.1916,,pixel_mask(drop=0.25),5000.0000,unet_lam1w5_seed2,unet_lam1w5
g,normalized/condition,0.7686,0.1945,,pixel_mask(drop=0.5),5000.0000,unet_lam1w5_seed2,unet_lam1w5
g,normalized/condition,0.2638,0.1749,,pixel_mask(drop=0.75),5000.0000,unet_lam1w5_seed2,unet_lam1w5
g,normalized/condition,1.0000,0.1580,,box_mask(size=8),5000.0000,unet_lam1w5_seed2,unet_lam1w5
g,normalized/condition,0.7022,0.1441,,box_mask(size=14),5000.0000,unet_lam1w5_seed2,unet_lam1w5
g,normalized/family,1.0000,0.1883,,noise,20000.0000,unet_lam1w5_seed2,unet_lam1w5
g,normalized/family,0.9998,0.1927,,blur,20000.0000,unet_lam1w5_seed2,unet_lam1w5
g,normalized/family,0.6773,0.1870,,pixel_mask,15000.0000,unet_lam1w5_seed2,unet_lam1w5
g,normalized/family,0.8511,0.1510,,box_mask,10000.0000,unet_lam1w5_seed2,unet_lam1w5
d,normalized,0.9009,0.1724,2.0440,,,unet_lam1w5_seed2,unet_lam1w5
d,normalized/condition,1.0000,0.1726,,noise(sigma=0.1),5000.0000,unet_lam1w5_seed2,unet_lam1w5
d,normalized/condition,1.0000,0.2103,,noise(sigma=0.2),5000.0000,unet_lam1w5_seed2,unet_lam1w5
d,normalized/condition,1.0000,0.2103,,noise(sigma=0.3),5000.0000,unet_lam1w5_seed2,unet_lam1w5
d,normalized/condition,1.0000,0.2103,,noise(sigma=0.5),5000.0000,unet_lam1w5_seed2,unet_lam1w5
d,normalized/condition,1.0000,0.1458,,blur(std=0.5),5000.0000,unet_lam1w5_seed2,unet_lam1w5
d,normalized/condition,0.9992,0.1453,,blur(std=1),5000.0000,unet_lam1w5_seed2,unet_lam1w5
d,normalized/condition,0.9922,0.1454,,blur(std=1.5),5000.0000,unet_lam1w5_seed2,unet_lam1w5
d,normalized/condition,0.9446,0.1454,,blur(std=2),5000.0000,unet_lam1w5_seed2,unet_lam1w5
d,normalized/condition,1.0000,0.1882,,pixel_mask(drop=0.25),5000.0000,unet_lam1w5_seed2,unet_lam1w5
d,normalized/condition,0.7590,0.1934,,pixel_mask(drop=0.5),5000.0000,unet_lam1w5_seed2,unet_lam1w5
d,normalized/condition,0.3072,0.1798,,pixel_mask(drop=0.75),5000.0000,unet_lam1w5_seed2,unet_lam1w5
d,normalized/condition,1.0000,0.1479,,box_mask(size=8),5000.0000,unet_lam1w5_seed2,unet_lam1w5
d,normalized/condition,0.7100,0.1463,,box_mask(size=14),5000.0000,unet_lam1w5_seed2,unet_lam1w5
d,normalized/family,1.0000,0.2008,,noise,20000.0000,unet_lam1w5_seed2,unet_lam1w5
d,normalized/family,0.9840,0.1455,,blur,20000.0000,unet_lam1w5_seed2,unet_lam1w5
d,normalized/family,0.6887,0.1871,,pixel_mask,15000.0000,unet_lam1w5_seed2,unet_lam1w5
d,normalized/family,0.8550,0.1471,,box_mask,10000.0000,unet_lam1w5_seed2,unet_lam1w5
r_A,normalized,0.9014,0.1772,2.1043,,,unet_lam1w5_seed2,unet_lam1w5
r_A,normalized/condition,1.0000,0.2050,,noise(sigma=0.1),5000.0000,unet_lam1w5_seed2,unet_lam1w5
r_A,normalized/condition,1.0000,0.2050,,noise(sigma=0.2),5000.0000,unet_lam1w5_seed2,unet_lam1w5
r_A,normalized/condition,1.0000,0.2050,,noise(sigma=0.3),5000.0000,unet_lam1w5_seed2,unet_lam1w5
r_A,normalized/condition,0.9998,0.2050,,noise(sigma=0.5),5000.0000,unet_lam1w5_seed2,unet_lam1w5
r_A,normalized/condition,1.0000,0.1338,,blur(std=0.5),5000.0000,unet_lam1w5_seed2,unet_lam1w5
r_A,normalized/condition,0.9994,0.1516,,blur(std=1),5000.0000,unet_lam1w5_seed2,unet_lam1w5
r_A,normalized/condition,0.9978,0.1727,,blur(std=1.5),5000.0000,unet_lam1w5_seed2,unet_lam1w5
r_A,normalized/condition,0.9964,0.1836,,blur(std=2),5000.0000,unet_lam1w5_seed2,unet_lam1w5
r_A,normalized/condition,1.0000,0.1942,,pixel_mask(drop=0.25),5000.0000,unet_lam1w5_seed2,unet_lam1w5
r_A,normalized/condition,0.7390,0.1962,,pixel_mask(drop=0.5),5000.0000,unet_lam1w5_seed2,unet_lam1w5
r_A,normalized/condition,0.3586,0.1836,,pixel_mask(drop=0.75),5000.0000,unet_lam1w5_seed2,unet_lam1w5
r_A,normalized/condition,1.0000,0.1356,,box_mask(size=8),5000.0000,unet_lam1w5_seed2,unet_lam1w5
r_A,normalized/condition,0.6278,0.1319,,box_mask(size=14),5000.0000,unet_lam1w5_seed2,unet_lam1w5
r_A,normalized/family,1.0000,0.2050,,noise,20000.0000,unet_lam1w5_seed2,unet_lam1w5
r_A,normalized/family,0.9984,0.1604,,blur,20000.0000,unet_lam1w5_seed2,unet_lam1w5
r_A,normalized/family,0.6992,0.1913,,pixel_mask,15000.0000,unet_lam1w5_seed2,unet_lam1w5
r_A,normalized/family,0.8139,0.1337,,box_mask,10000.0000,unet_lam1w5_seed2,unet_lam1w5
dis,normalized,0.9018,0.1731,2.0536,,,unet_lam1w5_seed2,unet_lam1w5
dis,normalized/condition,1.0000,0.1505,,noise(sigma=0.1),5000.0000,unet_lam1w5_seed2,unet_lam1w5
dis,normalized/condition,1.0000,0.1746,,noise(sigma=0.2),5000.0000,unet_lam1w5_seed2,unet_lam1w5
dis,normalized/condition,1.0000,0.2272,,noise(sigma=0.3),5000.0000,unet_lam1w5_seed2,unet_lam1w5
dis,normalized/condition,1.0000,0.2764,,noise(sigma=0.5),5000.0000,unet_lam1w5_seed2,unet_lam1w5
dis,normalized/condition,1.0000,0.1272,,blur(std=0.5),5000.0000,unet_lam1w5_seed2,unet_lam1w5
dis,normalized/condition,0.9988,0.1345,,blur(std=1),5000.0000,unet_lam1w5_seed2,unet_lam1w5
dis,normalized/condition,0.9920,0.1383,,blur(std=1.5),5000.0000,unet_lam1w5_seed2,unet_lam1w5
dis,normalized/condition,0.9560,0.1391,,blur(std=2),5000.0000,unet_lam1w5_seed2,unet_lam1w5
dis,normalized/condition,1.0000,0.2134,,pixel_mask(drop=0.25),5000.0000,unet_lam1w5_seed2,unet_lam1w5
dis,normalized/condition,0.9622,0.2206,,pixel_mask(drop=0.5),5000.0000,unet_lam1w5_seed2,unet_lam1w5
dis,normalized/condition,0.2168,0.1874,,pixel_mask(drop=0.75),5000.0000,unet_lam1w5_seed2,unet_lam1w5
dis,normalized/condition,1.0000,0.1353,,box_mask(size=8),5000.0000,unet_lam1w5_seed2,unet_lam1w5
dis,normalized/condition,0.5974,0.1264,,box_mask(size=14),5000.0000,unet_lam1w5_seed2,unet_lam1w5
dis,normalized/family,1.0000,0.2072,,noise,20000.0000,unet_lam1w5_seed2,unet_lam1w5
dis,normalized/family,0.9867,0.1348,,blur,20000.0000,unet_lam1w5_seed2,unet_lam1w5
dis,normalized/family,0.7263,0.2071,,pixel_mask,15000.0000,unet_lam1w5_seed2,unet_lam1w5
dis,normalized/family,0.7987,0.1308,,box_mask,10000.0000,unet_lam1w5_seed2,unet_lam1w5
g2,normalized,0.9026,0.1863,2.2098,,,unet_lam1w5_seed2,unet_lam1w5
g2,normalized/condition,1.0000,0.1653,,noise(sigma=0.1),5000.0000,unet_lam1w5_seed2,unet_lam1w5
g2,normalized/condition,1.0000,0.1621,,noise(sigma=0.2),5000.0000,unet_lam1w5_seed2,unet_lam1w5
g2,normalized/condition,1.0000,0.1799,,noise(sigma=0.3),5000.0000,unet_lam1w5_seed2,unet_lam1w5
g2,normalized/condition,1.0000,0.2155,,noise(sigma=0.5),5000.0000,unet_lam1w5_seed2,unet_lam1w5
g2,normalized/condition,0.9998,0.1744,,blur(std=0.5),5000.0000,unet_lam1w5_seed2,unet_lam1w5
g2,normalized/condition,1.0000,0.2157,,blur(std=1),5000.0000,unet_lam1w5_seed2,unet_lam1w5
g2,normalized/condition,0.9998,0.2204,,blur(std=1.5),5000.0000,unet_lam1w5_seed2,unet_lam1w5
g2,normalized/condition,0.9998,0.2234,,blur(std=2),5000.0000,unet_lam1w5_seed2,unet_lam1w5
g2,normalized/condition,1.0000,0.1860,,pixel_mask(drop=0.25),5000.0000,unet_lam1w5_seed2,unet_lam1w5
g2,normalized/condition,0.7008,0.1849,,pixel_mask(drop=0.5),5000.0000,unet_lam1w5_seed2,unet_lam1w5
g2,normalized/condition,0.2670,0.1727,,pixel_mask(drop=0.75),5000.0000,unet_lam1w5_seed2,unet_lam1w5
g2,normalized/condition,1.0000,0.1677,,box_mask(size=8),5000.0000,unet_lam1w5_seed2,unet_lam1w5
g2,normalized/condition,0.7666,0.1544,,box_mask(size=14),5000.0000,unet_lam1w5_seed2,unet_lam1w5
g2,normalized/family,1.0000,0.1807,,noise,20000.0000,unet_lam1w5_seed2,unet_lam1w5
g2,normalized/family,0.9999,0.2085,,blur,20000.0000,unet_lam1w5_seed2,unet_lam1w5
g2,normalized/family,0.6559,0.1812,,pixel_mask,15000.0000,unet_lam1w5_seed2,unet_lam1w5
g2,normalized/family,0.8833,0.1611,,box_mask,10000.0000,unet_lam1w5_seed2,unet_lam1w5
q,normalized,0.9016,0.1679,1.9964,,,unet_lam1w5_seed2,unet_lam1w5
q,normalized/condition,1.0000,0.1678,,noise(sigma=0.1),5000.0000,unet_lam1w5_seed2,unet_lam1w5
q,normalized/condition,1.0000,0.1712,,noise(sigma=0.2),5000.0000,unet_lam1w5_seed2,unet_lam1w5
q,normalized/condition,1.0000,0.1844,,noise(sigma=0.3),5000.0000,unet_lam1w5_seed2,unet_lam1w5
q,normalized/condition,0.9992,0.2110,,noise(sigma=0.5),5000.0000,unet_lam1w5_seed2,unet_lam1w5
q,normalized/condition,0.9998,0.1503,,blur(std=0.5),5000.0000,unet_lam1w5_seed2,unet_lam1w5
q,normalized/condition,0.9990,0.1435,,blur(std=1),5000.0000,unet_lam1w5_seed2,unet_lam1w5
q,normalized/condition,0.9906,0.1436,,blur(std=1.5),5000.0000,unet_lam1w5_seed2,unet_lam1w5
q,normalized/condition,0.9376,0.1438,,blur(std=2),5000.0000,unet_lam1w5_seed2,unet_lam1w5
q,normalized/condition,0.9984,0.1797,,pixel_mask(drop=0.25),5000.0000,unet_lam1w5_seed2,unet_lam1w5
q,normalized/condition,0.6568,0.1862,,pixel_mask(drop=0.5),5000.0000,unet_lam1w5_seed2,unet_lam1w5
q,normalized/condition,0.3542,0.1825,,pixel_mask(drop=0.75),5000.0000,unet_lam1w5_seed2,unet_lam1w5
q,normalized/condition,1.0000,0.1598,,box_mask(size=8),5000.0000,unet_lam1w5_seed2,unet_lam1w5
q,normalized/condition,0.7858,0.1594,,box_mask(size=14),5000.0000,unet_lam1w5_seed2,unet_lam1w5
q,normalized/family,0.9998,0.1836,,noise,20000.0000,unet_lam1w5_seed2,unet_lam1w5
q,normalized/family,0.9818,0.1453,,blur,20000.0000,unet_lam1w5_seed2,unet_lam1w5
q,normalized/family,0.6698,0.1828,,pixel_mask,15000.0000,unet_lam1w5_seed2,unet_lam1w5
q,normalized/family,0.8929,0.1596,,box_mask,10000.0000,unet_lam1w5_seed2,unet_lam1w5
-,marginal,0.9017,0.1701,0.1701,,,unet_lam1w5_seed2,unet_lam1w5
-,severity,0.9011,0.1262,1.4954,,,unet_lam1w5_seed2,unet_lam1w5
